1,28 décembre 2020 au 3 janvier 2021 (Quebec),https://assets.numeris.ca/Downloads/28%20decembre%202020%20au%203%20janvier%202021%20(Quebec).pdf,28 decembre 2020 au 3 janvier 2021 (Quebec).pdf,Semaine 18,12 janvier 2021,2020
2,21 décembre 2020 au 27 décembre 2020 2020 (Quebec),https://assets.numeris.ca/Downloads/21%20decembre%202020%20au%2027%20decembre%202020%202020%20(Quebec).pdf,21 decembre 2020 au 27 decembre 2020 2020 (Quebec).pdf,Semaine 17,5 janvier 2021,2020
3,14 décembre 2020 au 20 décembre 2020 2020 (Quebec),https://assets.numeris.ca/Downloads/14%20decembre%202020%20au%2020%20decembre%202020%202020%20(Quebec).pdf,14 decembre 2020 au 20 decembre 2020 2020 (Quebec).pdf,Semaine 16,30 décembre 2020,2020
4,7 décembre 2020 au 13 décembre 2020 2020 (Quebec),https://assets.numeris.ca/Downloads/7%20decembre%202020%20au%2013%20decembre%202020%202020%20(Quebec).pdf,7 decembre 2020 au 13 decembre 2020 2020 (Quebec).pdf,Semaine 15,22 décembre 2020,2020
5,30 novembre 2020 au 6 décembre 2020 2020 (Quebec),https://assets.numeris.ca/Downloads/30%20novembre%202020%20au%206%20decembre%202020%202020%20(Quebec).pdf,30 novembre 2020 au 6 decembre 2020 2020 (Quebec).pdf,Semaine 14,15 décembre 2020,2020
6,23 novembre 2020 au 29 novembre 2020 2020 (Quebec),https://assets.numeris.ca/Downloads/23%20novembre%202020%20au%2029%20novembre%202020%202020%20(Quebec).pdf,23 novembre 2020 au 29 novembre 2020 2020 (Quebec).pdf,Semaine 13,8 décembre 2020,2020
7,16 novembre 2020 au 22 novembre 2020 2020 (Quebec),https://assets.numeris.ca/Downloads/16%20novembre%202020%20au%2022%20novembre%202020%202020%20(Quebec).pdf,16 novembre 2020 au 22 novembre 2020 2020 (Quebec).pdf,Semaine 12,1 décembre 2020,2020
8,9 novembre 2020 au 15 novembre 2020 2020 (Quebec),https://assets.numeris.ca/Downloads/9%20novembre%202020%20au%2015%20novembre%202020%202020%20(Quebec).pdf,9 novembre 2020 au 15 novembre 2020 2020 (Quebec).pdf,Semaine 11,24 novembre 2020,2020
9,2 novembre 2020 au 8 novembre 2020 2020 (Quebec),https://assets.numeris.ca/Downloads/2%20novembre%202020%20au%208%20novembre%202020%202020%20(Quebec).pdf,2 novembre 2020 au 8 novembre 2020 2020 (Quebec).pdf,Semaine 10,17 novembre 2020,2020
10,26 octobre 2020 au 1 novembre 2020 (Quebec),https://assets.numeris.ca/Downloads/26%20octobre%202020%20au%201%20novembre%202020%20(Quebec).pdf,26 octobre 2020 au 1 novembre 2020 (Quebec).pdf,Semaine 09,10 novembre 2020,2020
11,19 octobre 2020 au 25 octobre 2020 (Quebec),https://assets.numeris.ca/Downloads/19%20octobre%202020%20au%2025%20octobre%202020%20(Quebec).pdf,19 octobre 2020 au 25 octobre 2020 (Quebec).pdf,Semaine 08,3 novembre 2020,2020
12,12 octobre 2020 au 18 octobre 2020 (Quebec),https://assets.numeris.ca/Downloads/12%20octobre%202020%20au%2018%20octobre%202020%20(Quebec).pdf,12 octobre 2020 au 18 octobre 2020 (Quebec).pdf,Semaine 07,27 octobre 2020,2020
13,5 octobre 2020 au 11 octobre 2020 (Quebec),https://assets.numeris.ca/Downloads/5%20octobre%202020%20au%2011%20octobre%202020%20(Quebec).pdf,5 octobre 2020 au 11 octobre 2020 (Quebec).pdf,Semaine 06,20 octobre 2020,2020
14,28 septembre au 4 octobre 2020 (Quebec),https://assets.numeris.ca/Downloads/28%20septembre%20au%204%20octobre%202020%20(Quebec).pdf,28 septembre au 4 octobre 2020 (Quebec).pdf,Semaine 05,14 octobre 2020,2020
15,21 septembre au 27 septembre 2020 (Quebec),https://assets.numeris.ca/Downloads/21%20septembre%20au%2027%20septembre%202020%20(Quebec).pdf,21 septembre au 27 septembre 2020 (Quebec).pdf,Semaine 04,6 octobre 2020,2020
16,14 septembre au 20 septembre 2020 (Quebec),https://assets.numeris.ca/Downloads/14%20septembre%20au%2020%20septembre%202020%20(Quebec).pdf,14 septembre au 20 septembre 2020 (Quebec).pdf,Semaine 03,29 septembre 2020,2020
17,7 septembre au 13 septembre 2020 (Quebec),https://assets.numeris.ca/Downloads/7%20septembre%20au%2013%20septembre%202020%20(Quebec).pdf,7 septembre au 13 septembre 2020 (Quebec).pdf,Semaine 02,22 septembre 2020,2020
18,31 août 2020 au 6 septembre 2020 (Quebec),https://assets.numeris.ca/Downloads/31%20aout%202020%20au%206%20septembre%202020%20(Quebec).pdf,31 aout 2020 au 6 septembre 2020 (Quebec).pdf,Semaine 01,15 septembre 2020,2020
19,24 août 2020 au 30 août 2020 (Quebec),https://assets.numeris.ca/Downloads/24%20aout%202020%20au%2030%20aout%202020%20(Quebec).pdf,24 aout 2020 au 30 aout 2020 (Quebec).pdf,Semaine 53,9 septembre 2020,2020
20,17 août 2020 au 23 août 2020 (Quebec),https://assets.numeris.ca/Downloads/17%20aout%202020%20au%2023%20aout%202020%20(Quebec).pdf,17 aout 2020 au 23 aout 2020 (Quebec).pdf,Semaine 52,1 septembre 2020,2020
21,10 août 2020 au 16 août 2020 (Quebec),https://assets.numeris.ca/Downloads/10%20aout%202020%20au%2016%20aout%202020%20(Quebec).pdf,10 aout 2020 au 16 aout 2020 (Quebec).pdf,Semaine 51,25 août 2020,2020
22,3 aout 2020 au 9 août 2020 (Quebec),https://assets.numeris.ca/Downloads/3%20aout%202020%20au%209%20aout%202020%20(Quebec).pdf,3 aout 2020 au 9 aout 2020 (Quebec).pdf,Semaine 50,18 août 2020,2020
23,27 juillet 2020 au 2 août 2020 (Quebecl),https://assets.numeris.ca/Downloads/27%20juillet%202020%20au%202%20aout%202020%20(Quebec).pdf,27 juillet 2020 au 2 aout 2020 (Quebec).pdf,Semaine 49,11 août 2020,2020
24,20 juillet 2020 au 26 juillet 2020 (Quebec),https://assets.numeris.ca/Downloads/20%20juillet%202020%20au%2026%20juillet%202020%20(Quebec).pdf,20 juillet 2020 au 26 juillet 2020 (Quebec).pdf,Semaine 48,5 août 2020,2020
25,13 juillet 2020 au 19 juillet 2020 (Quebec),https://assets.numeris.ca/Downloads/13%20juillet%202020%20au%2019%20juillet%202020%20(Quebec).pdf,13 juillet 2020 au 19 juillet 2020 (Quebec).pdf,Semaine 47,28 juillet 2020,2020
26,6 juillet 2020 au 12 juillet 2020 (Quebec),https://assets.numeris.ca/Downloads/6%20juillet%202020%20au%2012%20juillet%202020%20(Quebec).pdf,6 juillet 2020 au 12 juillet 2020 (Quebec).pdf,Semaine 46,21 juillet 2020,2020
27,29 juin 2020 au 5 juillet 2020 (Quebec),https://assets.numeris.ca/Downloads/29%20juin%202020%20au%205%20juillet%202020%20(Quebec).pdf,29 juin 2020 au 5 juillet 2020 (Quebec).pdf,Semaine 45,14 juillet 2020,2020
28,22 juin 2020 au 28 juin 2020 (Quebec),https://assets.numeris.ca/Downloads/22%20juin%202020%20au%2028%20juin%202020%20(Quebec).pdf,22 juin 2020 au 28 juin 2020 (Quebec).pdf,Semaine 44,7 juillet 2020,2020
29,15 juin 2020 au 21 juin 2020 (Quebec),https://assets.numeris.ca/Downloads/15%20juin%202020%20au%2021%20juin%202020%20(Quebec).pdf,15 juin 2020 au 21 juin 2020 (Quebec).pdf,Semaine 43,30 juin 2020,2020
30,8 juin 2020 au 14 juin 2020 (Quebec),https://assets.numeris.ca/Downloads/8%20juin%202020%20au%2014%20juin%202020%20(Quebec).pdf,8 juin 2020 au 14 juin 2020 (Quebec).pdf,Semaine 42,23 juin 2020,2020
31,1 juin 2020 au 7 juin 2020 (Quebec),https://assets.numeris.ca/Downloads/1%20juin%202020%20au%207%20juin%202020%20(Quebec).pdf,1 juin 2020 au 7 juin 2020 (Quebec).pdf,Semaine 41,16 juin 2020,2020
32,25 mai 2020 au 31 mai 2020 (Quebec),https://assets.numeris.ca/Downloads/25%20mai%202020%20au%2031%20mai%202020%20(Quebec).pdf,25 mai 2020 au 31 mai 2020 (Quebec).pdf,Semaine 40,9 juin 2020,2020
33,18 mai 2020 au 24 mai 2020 (Québec),https://assets.numeris.ca/Downloads/18%20mai%202020%20au%2024%20mai%202020%20(Quebec).pdf,18 mai 2020 au 24 mai 2020 (Quebec).pdf,Semaine 39,2 juin 2020,2020
34,11 mai 2020 au 17 mai 2020 (Québec),https://assets.numeris.ca/Downloads/11%20mai%202020%20au%2017%20mai%202020%20(Quebec).pdf,11 mai 2020 au 17 mai 2020 (Quebec).pdf,Semaine 38,26 mai 2020,2020
35,4 mai 2020 au 10 mai 2020 (Québec),https://assets.numeris.ca/Downloads/4%20mai%202020%20au%2010%20mai%202020%20(Quebec).pdf,4 mai 2020 au 10 mai 2020 (Quebec).pdf,Semaine 37,20 mai 2020,2020
36,27 avril 2020 au 3 mai 2020 (Québec),https://assets.numeris.ca/Downloads/27%20avril%202020%20au%203%20mai%202020%20(Quebec).pdf,27 avril 2020 au 3 mai 2020 (Quebec).pdf,Semaine 36,12 mai 2020,2020
37,20 avril 2020 au 26 avril 2020 (Québec),https://assets.numeris.ca/Downloads/20%20avril%202020%20au%2026%20avril%202020%20(Quebec).pdf,20 avril 2020 au 26 avril 2020 (Quebec).pdf,Semaine 35,5 mai 2020,2020
38,13 avril 2020 au 19 avril 2020 (Quebec),https://assets.numeris.ca/Downloads/13%20avril%202020%20au%2019%20avril%202020%20(Quebec).pdf,13 avril 2020 au 19 avril 2020 (Quebec).pdf,Semaine 34,28 avril 2020,2020
39,6 avril 2020 au 12 avril 2020 (Quebec),https://assets.numeris.ca/Downloads/6%20avril%202020%20au%2012%20avril%202020%20(Quebec).pdf,6 avril 2020 au 12 avril 2020 (Quebec).pdf,Semaine 33,21 avril 2020,2020
40,30 mars 2020 au 5 avril 2020 (Quebec),https://assets.numeris.ca/Downloads/30%20mars%202020%20au%205%20avril%202020%20(Quebec).pdf,30 mars 2020 au 5 avril 2020 (Quebec).pdf,Semaine 32,14 avril 2020,2020
41,23 mars 2020 au 29 mars 2020 (Quebec),https://assets.numeris.ca/Downloads/23%20mars%202020%20au%2029%20mars%202020%20(Quebec).pdf,23 mars 2020 au 29 mars 2020 (Quebec).pdf,Semaine 31,7 avril 2020,2020
42,16 mars 2020 au 22 mars 2020 (Quebec),https://assets.numeris.ca/Downloads/16%20mars%202020%20au%2022%20mars%202020%20(Quebec).pdf,16 mars 2020 au 22 mars 2020 (Quebec).pdf,Semaine 30,31 mars 2020,2020
43,9 mars 2020 au 15 mars 2020 (Quebec),https://assets.numeris.ca/Downloads/9%20mars%202020%20au%2015%20mars%202020%20(Quebec).pdf,9 mars 2020 au 15 mars 2020 (Quebec).pdf,Semaine 29,24 mars 2020,2020
44,2 mars 2020 au 8 mars 2020 (Quebec),https://assets.numeris.ca/Downloads/2%20mars%202020%20au%208%20mars%202020%20(Quebec).pdf,2 mars 2020 au 8 mars 2020 (Quebec).pdf,Semaine 28,17 mars 2020,2020
45,24 février 2020 au 01 mars 2020 (Quebec),https://assets.numeris.ca/Downloads/24%20f%C3%A9vrier%202020%20au%2001%20mars%202020%20(Quebec).pdf,24 février 2020 au 01 mars 2020 (Quebec).pdf,Semaine 27,10 mars 2020,2020
46,17 février 2020 au 23 février 2020 (Quebec),https://assets.numeris.ca/Downloads/17%20f%C3%A9vrier%202020%20au%2023%20f%C3%A9vrier%202020%20(Quebec).pdf,17 février 2020 au 23 février 2020 (Quebec).pdf,Semaine 26,3 mars 2020,2020
47,10 février 2020 au 16 février 2020  (Quebec),https://assets.numeris.ca/Downloads/10%20f%C3%A9vrier%202020%20au%2016%20f%C3%A9vrier%202020%20%20(Quebec).pdf,10 février 2020 au 16 février 2020  (Quebec).pdf,Semaine 25,25 février 2020,2020
48,3 février 2020 au 9 février 2020  (Quebec),https://assets.numeris.ca/Downloads/3%20f%C3%A9vrier%202020%20au%209%20f%C3%A9vrier%202020%20%20(Quebec).pdf,3 février 2020 au 9 février 2020  (Quebec).pdf,Semaine 24,19 février 2020,2020
49,27 janvier 2020 au  2 février 2020  (Quebec),https://assets.numeris.ca/Downloads/27%20janvier%202020%20au%20%202%20f%C3%A9vrier%202020%20%20(Quebec).pdf,27 janvier 2020 au  2 février 2020  (Quebec).pdf,Semaine 23,12 février 2020,2020
50,Du 20 janvier 2020 au 26 janvier 2020  (Quebec),https://assets.numeris.ca/Downloads/Du%2020%20janvier%202020%20au%2026%20janvier%202020%20%20(Quebec).pdf,Du 20 janvier 2020 au 26 janvier 2020  (Quebec).pdf,Semaine 22,4 février 2020,2020
51,Du 13 janiver 2020 au 19 janiver 2020 (Quebec),https://assets.numeris.ca/Downloads/Du%2013%20janiver%202020%20au%2019%20janiver%202020%20(Quebec).pdf,Du 13 janiver 2020 au 19 janiver 2020 (Quebec).pdf,Semaine 21,28 janvier 2020,2020
52,janiver 2020 au 12 janiver 2020 (Quebec),https://assets.numeris.ca/Downloads/janiver%202020%20au%2012%20janiver%202020%20(Quebec).pdf,janiver 2020 au 12 janiver 2020 (Quebec).pdf,Semaine 20,21 janvier 2020,2020
53,30 decembre 2019 au 05  janiver 2020  (Quebec),https://assets.numeris.ca/Downloads/30%20decembre%202019%20au%2005%20%20janiver%202020%20%20(Quebec).pdf,30 decembre 2019 au 05  janiver 2020  (Quebec).pdf,Semaine 19,14 janvier 2020,2020
54,23 decembre 2019 au 29 decembre 2019 (Quebec),https://assets.numeris.ca/Downloads/23%20decembre%202019%20au%2029%20decembre%202019%20(Quebec).pdf,23 decembre 2019 au 29 decembre 2019 (Quebec).pdf,Semaine 18,7 janvier 2020,2020
55,16 décembre 2019 au 22 décembre 2019 (Québec),https://assets.numeris.ca/Downloads/16%20decembre%202019%20au%2022%20decembre%202019%20(Quebec).pdf,16 decembre 2019 au 22 decembre 2019 (Quebec).pdf,Semaine 17,31 décembre 2019,2019
56,09 décembre 2019 au 15 décembre 2019 (Quebec),https://assets.numeris.ca/Downloads/09%20decembre%202019%20au%2015%20decembre%202019%20(Quebec).pdf,09 decembre 2019 au 15 decembre 2019 (Quebec).pdf,Semaine 16,24 décembre 2019,2019
57,02 décembre 2019 au 08 décembre 2019 (Quebec),https://assets.numeris.ca/Downloads/02%20decembre%202019%20au%2008%20decembre%202019%20(Quebec).pdf,02 decembre 2019 au 08 decembre 2019 (Quebec).pdf,Semaine 15,17 décembre 2019,2019
58,25 novembre 2019 au 01 décembre 2019 (Quebec),https://assets.numeris.ca/Downloads/25%20novembre%202019%20au%2001%20decembre%202019%20(Quebec).pdf,25 novembre 2019 au 01 decembre 2019 (Quebec).pdf,Semaine 14,10 décembre 2019,2019
59,18 novembre 2019 au 24 novembre 2019 (Quebec),https://assets.numeris.ca/Downloads/18%20novembre%202019%20au%2024%20novembre%202019%20(Quebec).pdf,18 novembre 2019 au 24 novembre 2019 (Quebec).pdf,Semaine 13,3 décembre 2019,2019
60,11 novembre 2019 au 17 novembre 2019 (Quebec),https://assets.numeris.ca/Downloads/11%20novembre%202019%20au%2017%20novembre%202019%20(Quebec).pdf,11 novembre 2019 au 17 novembre 2019 (Quebec).pdf,Semaine 12,26 novembre 2019,2019
61,04 novembre 2019 au 10 novembre 2019 (Quebec),https://assets.numeris.ca/Downloads/04%20novembre%202019%20au%2010%20novembre%202019%20(Quebec).pdf,04 novembre 2019 au 10 novembre 2019 (Quebec).pdf,Semaine 11,19 novembre 2019,2019
62,28 octobre 2019 au 3 novembre 2019 (Quebec),https://assets.numeris.ca/Downloads/28%20octobre%202019%20au%203%20novembre%202019%20(Quebec).pdf,28 octobre 2019 au 3 novembre 2019 (Quebec).pdf,Semaine 10,12 novembre 2019,2019
63,21 octobre 2019 au 27 octobre 2019 (Quebec),https://assets.numeris.ca/Downloads/21%20octobre%202019%20au%2027%20octobre%202019%20(Quebec).pdf,21 octobre 2019 au 27 octobre 2019 (Quebec).pdf,Semaine 09,5 novembre 2019,2019
64,14 octobre 2019 au 20 octobre 2019 (Quebec),https://assets.numeris.ca/Downloads/14%20octobre%202019%20au%2020%20octobre%202019%20(Quebec).pdf,14 octobre 2019 au 20 octobre 2019 (Quebec).pdf,Semaine 08,29 octobre 2019,2019
65,7 octobre 2019 au 13 octobre 2019 (Quebec),https://assets.numeris.ca/Downloads/7%20octobre%202019%20au%2013%20octobre%202019%20(Quebec).pdf,7 octobre 2019 au 13 octobre 2019 (Quebec).pdf,Semaine 07,22 octobre 2019,2019
66,30 septembre 2019 au 6 octobre 2019 (Quebec),https://assets.numeris.ca/Downloads/30%20septembre%202019%20au%206%20octobre%202019%20(Quebec).pdf,30 septembre 2019 au 6 octobre 2019 (Quebec).pdf,Semaine 06,16 octobre 2019,2019
67,23 septembre 2019 au 29 septembre 2019 (Quebec),https://assets.numeris.ca/Downloads/23%20septembre%202019%20au%2029%20septembre%202019%20(Quebec).pdf,23 septembre 2019 au 29 septembre 2019 (Quebec).pdf,Semaine 05,8 octobre 2019,2019
68,16 septembre 2019 au 22 septembre 2019 (Quebec),https://assets.numeris.ca/Downloads/16%20septembre%202019%20au%2022%20septembre%202019%20(Quebec).pdf,16 septembre 2019 au 22 septembre 2019 (Quebec).pdf,Semaine 04,1 octobre 2019,2019
69,9 septembre 2019 au 15 septembre 2019 (Quebec),https://assets.numeris.ca/Downloads/9%20septembre%202019%20au%2015%20septembre%202019%20(Quebec).pdf,9 septembre 2019 au 15 septembre 2019 (Quebec).pdf,Semaine 03,24 septembre 2019,2019
70,2 septembre 2019 au 8 septembre 2019 (Quebec),https://assets.numeris.ca/Downloads/2%20septembre%202019%20au%208%20septembre%202019%20(Quebec).pdf,2 septembre 2019 au 8 septembre 2019 (Quebec).pdf,Semaine 02,17 septembre 2019,2019
71,26 aout 2019 au 1 septembre 2019 (Quebec),https://assets.numeris.ca/Downloads/26%20aout%202019%20au%201%20septembre%202019%20(Quebec).pdf,26 aout 2019 au 1 septembre 2019 (Quebec).pdf,Semaine 01,10 septembre 2019,2019
72,19 aout 2019 au 25 aout 2019 (Quebec),https://assets.numeris.ca/Downloads/19%20aout%202019%20au%2025%20aout%202019%20(Quebec).pdf,19 aout 2019 au 25 aout 2019 (Quebec).pdf,Semaine 52,5 septembre 2019,2019
73,12 aout 2019 au 18 aout 2019 (Quebec),https://assets.numeris.ca/Downloads/12%20aout%202019%20au%2018%20aout%202019%20(Quebec).pdf,12 aout 2019 au 18 aout 2019 (Quebec).pdf,Semaine 51,27 août 2019,2019
74,5 août 2019 au 11 août 2019 (Quebec),https://assets.numeris.ca/Downloads/5%20aout%202019%20au%2011%20aout%202019%20(Quebec).pdf,5 aout 2019 au 11 aout 2019 (Quebec).pdf,Semaine 50,21 août 2019,2019
75,29 juillet  2019 au 4 août 2019 (Quebec),https://assets.numeris.ca/Downloads/29%20juillet%20%202019%20au%204%20aout%202019%20(Quebec).pdf,29 juillet  2019 au 4 aout 2019 (Quebec).pdf,Semaine 49,13 août 2019,2019
76,22 juillet 2019 au 28 juillet 2019 (Quebec),https://assets.numeris.ca/Downloads/22%20juillet%202019%20au%2029%20juillet%202019%20(Quebec).pdf,22 juillet 2019 au 29 juillet 2019 (Quebec).pdf,Semaine 48,7 août 2019,2019
77,15 juillet  2019 au 21 juillet 2019 (Quebec),https://assets.numeris.ca/Downloads/15%20juillet%20%202019%20au%2021%20juillet%202019%20(Quebec).pdf,15 juillet  2019 au 21 juillet 2019 (Quebec).pdf,Semaine 47,30 juillet 2019,2019
78,08 juillet  2019 au 14 juillet 2019 (Quebec),https://assets.numeris.ca/Downloads/08%20juillet%20%202019%20au%2014%20juillet%202019%20(Quebec).pdf,08 juillet  2019 au 14 juillet 2019 (Quebec).pdf,Semaine 46,23 juillet 2019,2019
79,01 juillet  2019 au 07 juillet 2019 (Quebec),https://assets.numeris.ca/Downloads/01%20juillet%20%202019%20au%2007%20juillet%202019%20(Quebec).pdf,01 juillet  2019 au 07 juillet 2019 (Quebec).pdf,Semaine 45,16 juillet 2019,2019
80,24 juin 2019 au 30 juin 2019 (Quebec),https://assets.numeris.ca/Downloads/24%20juin%20%202019%20au%2030%20juin%202019%20(Quebec).pdf,24 juin  2019 au 30 juin 2019 (Quebec).pdf,Semaine 44,9 juillet 2019,2019
81,17 juin  2019 au 23 juin 2019 (Quebec),https://assets.numeris.ca/Downloads/17%20juin%20%202019%20au%2023%20juin%202019%20(Quebec).pdf,17 juin  2019 au 23 juin 2019 (Quebec).pdf,Semaine 43,3 juillet 2019,2019
82,10 juin  2019 au 16 juin 2019 (Quebec),https://assets.numeris.ca/Downloads/10%20juin%20%202019%20au%2016%20juin%202019%20(Quebec).pdf,10 juin  2019 au 16 juin 2019 (Quebec).pdf,Semaine 42,25 juin 2019,2019
83,3 juin  2019 au 9 juin 2019 (Quebec),https://assets.numeris.ca/Downloads/3%20juin%20%202019%20au%209%20juin%202019%20(Quebec).pdf,3 juin  2019 au 9 juin 2019 (Quebec).pdf,Semaine 41,18 juin 2019,2019
84,27 mai  2019 au 2 juin 2019 (Quebec),https://assets.numeris.ca/Downloads/27%20mai%20%202019%20au%202%20juin%202019%20(Quebec).pdf,27 mai  2019 au 2 juin 2019 (Quebec).pdf,Semaine 40,11 juin 2019,2019
85,20 mai  2019 au 26 mai 2019 (Quebec),https://assets.numeris.ca/Downloads/20%20mai%20%202019%20au%2026%20mai%202019%20(Quebec).pdf,20 mai  2019 au 26 mai 2019 (Quebec).pdf,Semaine 39,5 juin 2019,2019
86,13 mai  2019 au 19 mai 2019 (Quebec),https://assets.numeris.ca/Downloads/13%20mai%20%202019%20au%2019%20mai%202019%20(Quebec).pdf,13 mai  2019 au 19 mai 2019 (Quebec).pdf,Semaine 38,28 mai 2019,2019
87,6 mai  2019 au 12 mai 2019 (Quebec),https://assets.numeris.ca/Downloads/6%20mai%20%202019%20au%2012%20mai%202019%20(Quebec).pdf,6 mai  2019 au 12 mai 2019 (Quebec).pdf,Semaine 37,23 mai 2019,2019
88,29 avril  2019 au 5 mai 2019 (Quebec),https://assets.numeris.ca/Downloads/29%20avril%20%202019%20au%205%20mai%202019%20(Quebec).pdf,29 avril  2019 au 5 mai 2019 (Quebec).pdf,Semaine 36,14 mai 2019,2019
89,22 avril  2019 au 28 avril 2019 (Quebec),https://assets.numeris.ca/Downloads/22%20avril%20%202019%20au%2028%20avril%202019%20(Quebec).pdf,22 avril  2019 au 28 avril 2019 (Quebec).pdf,Semaine 35,8 mai 2019,2019
90,15 avril  2019 au 21 avril 2019 (Quebec),https://assets.numeris.ca/Downloads/15%20avril%20%202019%20au%2021%20avril%202019%20(Quebec).pdf,15 avril  2019 au 21 avril 2019 (Quebec).pdf,Semaine 34,30 avril 2019,2019
91,08 avril  2019 au 14 avril 2019 (Quebec),https://assets.numeris.ca/Downloads/08%20avril%20%202019%20au%2014%20avril%202019%20(Quebec).pdf,08 avril  2019 au 14 avril 2019 (Quebec).pdf,Semaine 33,24 avril 2019,2019
92,01 avril  2019 au 07 avril 2019 (Quebec),https://assets.numeris.ca/Downloads/01%20avril%20%202019%20au%2007%20avril%202019%20(Quebec).pdf,01 avril  2019 au 07 avril 2019 (Quebec).pdf,Semaine 32,16 avril 2019,2019
93,25 mars 2019 au 31 mars 2019 (Quebec),https://assets.numeris.ca/Downloads/25%20mars%202019%20au%2031%20mars%202019%20(Quebec).pdf,25 mars 2019 au 31 mars 2019 (Quebec).pdf,Semaine 31,9 avril 2019,2019
94,18 mars  2019 au 24 mars 2019 (Quebec),https://assets.numeris.ca/Downloads/18%20mars%20%202019%20au%2024%20mars%202019%20(Quebec).pdf,18 mars  2019 au 24 mars 2019 (Quebec).pdf,Semaine 30,2 avril 2019,2019
95,11 mars  2019 au 17 mars 2019 (Quebec),https://assets.numeris.ca/Downloads/11%20mars%20%202019%20au%2017%20mars%202019%20(Quebec).pdf,11 mars  2019 au 17 mars 2019 (Quebec).pdf,Semaine 29,26 mars 2019,2019
96,4 mars  2019 au 10 mars 2019 (Quebec),https://assets.numeris.ca/Downloads/4%20mars%20%202019%20au%2010%20mars%202019%20(Quebec).pdf,4 mars  2019 au 10 mars 2019 (Quebec).pdf,Semaine 28,19 mars 2019,2019
97,25 fevrier  2019 au 3 mars 2019 (Quebec),https://assets.numeris.ca/Downloads/25%20fevrier%20%202019%20au%203%20mars%202019%20(Quebec).pdf,25 fevrier  2019 au 3 mars 2019 (Quebec).pdf,Semaine 27,12 mars 2019,2019
98,18 fevrier  2019 au 24 fevrier 2019 (Quebec),https://assets.numeris.ca/Downloads/18%20fevrier%20%202019%20au%2024%20fevrier%202019%20(Quebec).pdf,18 fevrier  2019 au 24 fevrier 2019 (Quebec).pdf,Semaine 26,5 mars 2019,2019
99,11 fevrier  2019 au 17 fevrier 2019 (Quebec),https://assets.numeris.ca/Downloads/11%20fevrier%20%202019%20au%2017%20fevrier%202019%20(Quebec).pdf,11 fevrier  2019 au 17 fevrier 2019 (Quebec).pdf,Semaine 25,27 février 2019,2019
100,4 fevrier  2019 au 10 fevrier 2019 (Quebec),https://assets.numeris.ca/Downloads/4%20fevrier%20%202019%20au%2010%20fevrier%202019%20(Quebec).pdf,4 fevrier  2019 au 10 fevrier 2019 (Quebec).pdf,Semaine 24,22 février 2019,2019
101,28 janvier  2019 au 3 fevrier 2019 (Quebec),https://assets.numeris.ca/Downloads/28%20janvier%20%202019%20au%203%20fevrier%202019%20(Quebec).pdf,28 janvier  2019 au 3 fevrier 2019 (Quebec).pdf,Semaine 23,12 février 2019,2019
102,21 janvier  2019 au 27 janvier 2019 (Quebec),https://assets.numeris.ca/Downloads/21%20janvier%20%202019%20au%2027%20janvier%202019%20(Quebec).pdf,21 janvier  2019 au 27 janvier 2019 (Quebec).pdf,Semaine 22,5 février 2019,2019
103,14 janvier  2019 au 20 janvier 2019 (Quebec),https://assets.numeris.ca/Downloads/14%20janvier%20%202019%20au%2020%20janvier%202019%20(Quebec).pdf,14 janvier  2019 au 20 janvier 2019 (Quebec).pdf,Semaine 21,29 janvier 2019,2019
104,7 janvier  2019 au 13 janvier 2019 (Quebec),https://assets.numeris.ca/Downloads/7%20janvier%20%202019%20au%2013%20janvier%202019%20(Quebec).pdf,7 janvier  2019 au 13 janvier 2019 (Quebec).pdf,Semaine 20,22 janvier 2019,2019
105,31 decembre  2018 au 06 janvier 2019 (Quebec),https://assets.numeris.ca/Downloads/31%20decembre%20%202018%20au%2006%20janvier%202019%20(Quebec).pdf,31 decembre  2018 au 06 janvier 2019 (Quebec).pdf,Semaine 19,15 janvier 2019,2019
106,24 decembre  2018 au 30 decembre 2018 (Quebec),https://assets.numeris.ca/Downloads/24%20decembre%20%202018%20au%2030%20decembre%202018%20(Quebec).pdf,24 decembre  2018 au 30 decembre 2018 (Quebec).pdf,Semaine 18,11 janvier 2019,2018
107,17 decembre  2018 au 23 decembre 2018 (Quebec),https://assets.numeris.ca/Downloads/17%20decembre%20%202018%20au%2023%20decembre%202018%20(Quebec).pdf,17 decembre  2018 au 23 decembre 2018 (Quebec).pdf,Semaine 17,2 janvier 2019,2018
108,10 decembre  2018 au 16 decembre 2018 (Quebec),https://assets.numeris.ca/Downloads/10%20decembre%20%202018%20au%2016%20decembre%202018%20(Quebec).pdf,10 decembre  2018 au 16 decembre 2018 (Quebec).pdf,Semaine 16,27 décembre 2018,2018
109,3 decembre  2018 au 09 decembre 2018 (Quebec),https://assets.numeris.ca/Downloads/3%20decembre%20%202018%20au%2009%20decembre%202018%20(Quebec).pdf,3 decembre  2018 au 09 decembre 2018 (Quebec).pdf,Semaine 15,18 décembre 2018,2018
110,26 novembre  2018 au 02 decembre 2018 (Quebec),https://assets.numeris.ca/Downloads/26%20novembre%20%202018%20au%2002%20decembre%202018%20(Quebec).pdf,26 novembre  2018 au 02 decembre 2018 (Quebec).pdf,Semaine 14,11 décembre 2018,2018
111,19 novembre  2018 au 25 novembre 2018 (Québec),https://assets.numeris.ca/Downloads/19%20novembre%20%202018%20au%2025%20novembre%202018%20(Quebec).pdf,19 novembre  2018 au 25 novembre 2018 (Quebec).pdf,Semaine 13,4 décembre 2018,2018
112,12 novembre  2018 au 18 novembre 2018 (Quebec),https://assets.numeris.ca/Downloads/12%20novembre%20%202018%20au%2018%20novembre%202018%20(Quebec).pdf,12 novembre  2018 au 18 novembre 2018 (Quebec).pdf,Semaine 12,27 novembre 2018,2018
113,05 novembre  2018 au 11 novembre 2018 (Quebec),https://assets.numeris.ca/Downloads/05%20novembre%20%202018%20au%2011%20novembre%202018%20(Quebec).pdf,05 novembre  2018 au 11 novembre 2018 (Quebec).pdf,Semaine 11,20 novembre 2018,2018
114,29 octobre  2018 au 04 novembre 2018 (Quebec),https://assets.numeris.ca/Downloads/29%20octobre%20%202018%20au%2004%20novembre%202018%20(Quebec).pdf,29 octobre  2018 au 04 novembre 2018 (Quebec).pdf,Semaine 10,13 novembre 2018,2018
115,22 octobre  2018 au 28 octobre 2018 (Quebec),https://assets.numeris.ca/Downloads/22%20octobre%20%202018%20au%2028%20octobre%202018%20(Quebec).pdf,22 octobre  2018 au 28 octobre 2018 (Quebec).pdf,Semaine 09,6 novembre 2018,2018
116,15 octobre  2018 au 21 octobre 2018 (Quebec),https://assets.numeris.ca/Downloads/15%20octobre%20%202018%20au%2021%20octobre%202018%20(Quebec).pdf,15 octobre  2018 au 21 octobre 2018 (Quebec).pdf,Semaine 08,30 octobre 2018,2018
117,08 octobre  2018 au 14 octobre 2018 (Quebec),https://assets.numeris.ca/Downloads/08%20octobre%20%202018%20au%2014%20octobre%202018%20(Quebec).pdf,08 octobre  2018 au 14 octobre 2018 (Quebec).pdf,Semaine 07,23 octobre 2018,2018
118,01 octobre  2018 au 7 octobre 2018 (Quebec),https://assets.numeris.ca/Downloads/01%20octobre%20%202018%20au%207%20octobre%202018%20(Quebec).pdf,01 octobre  2018 au 7 octobre 2018 (Quebec).pdf,Semaine 06,16 octobre 2018,2018
119,24 septembre  2018 au 30 septembre 2018 (Quebec),https://assets.numeris.ca/Downloads/24%20septembre%20%202018%20au%2030%20septembre%202018%20(Quebec).pdf,24 septembre  2018 au 30 septembre 2018 (Quebec).pdf,Semaine 05,10 octobre 2018,2018
120,17 septembre  2018 au 23 septembre 2018 (Quebec),https://assets.numeris.ca/Downloads/17%20septembre%20%202018%20au%2023%20septembre%202018%20(Quebec).pdf,17 septembre  2018 au 23 septembre 2018 (Quebec).pdf,Semaine 04,2 octobre 2018,2018
121,10 septembre  2018 au 16 septembre 2018 (Quebec),https://assets.numeris.ca/Downloads/10%20septembre%20%202018%20au%2016%20septembre%202018%20(Quebec).pdf,10 septembre  2018 au 16 septembre 2018 (Quebec).pdf,Semaine 03,25 septembre 2018,2018
122,3 septembre  2018 au 9 septembre 2018 (Quebec),https://assets.numeris.ca/Downloads/3%20septembre%20%202018%20au%209%20septembre%202018%20(Quebec).pdf,3 septembre  2018 au 9 septembre 2018 (Quebec).pdf,Semaine 02,18 septembre 2018,2018
123,27 août  2018 au 2 septembre 2018 (Quebec),https://assets.numeris.ca/Downloads/27%20ao%C3%BBt%20%202018%20au%202%20septembre%202018%20(Quebec).pdf,27 août  2018 au 2 septembre 2018 (Quebec).pdf,Semaine 01,11 septembre 2018,2018
124,20 août  2018 au 26 août 2018 (Quebec),https://assets.numeris.ca/Downloads/20%20ao%C3%BBt%20%202018%20au%2026%20ao%C3%BBt%202018%20(Quebec).pdf,20 août  2018 au 26 août 2018 (Quebec).pdf,Semaine 52,6 septembre 2018,2018
125,13 août  2018 au 19 août 2018 (Quebec),https://assets.numeris.ca/Downloads/13%20ao%C3%BBt%20%202018%20au%2019%20ao%C3%BBt%202018%20(Quebec).pdf,13 août  2018 au 19 août 2018 (Quebec).pdf,Semaine 51,28 août 2018,2018
126,06 août 2018 au 12 août 2018 (Quebec),https://assets.numeris.ca/Downloads/06%20aout%20au%2012%20aout%202018%20(Quebec).pdf,06 aout au 12 aout 2018 (Quebec).pdf,Semaine 50,21 août 2018,2018
127,30 juillet 2018 au 5 août 2018 (Quebec),https://assets.numeris.ca/Downloads/30%20juillet%202018%20au%205%20aout%202018%20(Quebec).pdf,30 juillet 2018 au 5 aout 2018 (Quebec).pdf,Semaine 49,14 août 2018,2018
128,23 juillet 2018 au 29 juillet 2018 (Quebec),https://assets.numeris.ca/Downloads/23%20juillet%202018%20au%2029%20juillet%202018%20(Quebec).pdf,23 juillet 2018 au 29 juillet 2018 (Quebec).pdf,Semaine 48,8 août 2018,2018
129,16 juillet 2018 au 22 juillet 2018 (Quebec),https://assets.numeris.ca/Downloads/16%20juillet%202018%20au%2022%20juillet%202018%20(Quebec).pdf,16 juillet 2018 au 22 juillet 2018 (Quebec).pdf,Semaine 47,31 juillet 2018,2018
130,9 juillet 2018 au 15 juillet 2018 (Quebec),https://assets.numeris.ca/Downloads/9%20juillet%202018%20au%2015%20juillet%202018%20(Quebec).pdf,9 juillet 2018 au 15 juillet 2018 (Quebec).pdf,Semaine 46,24 juillet 2018,2018
131,2 juillet 2018 au 8 juillet 2018 (Quebec),https://assets.numeris.ca/Downloads/2%20juillet%202018%20au%208%20juillet%202018%20(Quebec).pdf,2 juillet 2018 au 8 juillet 2018 (Quebec).pdf,Semaine 45,17 juillet 2018,2018
132,25 juin 2018 au 1 juillet 2018 (Quebec),https://assets.numeris.ca/Downloads/25%20juin%202018%20au%201%20juillet%202018%20(Quebec).pdf,25 juin 2018 au 1 juillet 2018 (Quebec).pdf,Semaine 44,10 juillet 2018,2018
133,18 juin 2018 au 24 juin 2018 (Québec),https://assets.numeris.ca/Downloads/18%20juin%202018%20au%2024%20juin%202018%20(Qu%C3%A9bec).pdf,18 juin 2018 au 24 juin 2018 (Québec).pdf,Semaine 43,4 juillet 2018,2018
134,11 juin 2018 au 17 juin 2018 (Québec),https://assets.numeris.ca/Downloads/11%20juin%202018%20au%2017%20juin%202018%20(Qu%C3%A9bec).pdf,11 juin 2018 au 17 juin 2018 (Québec).pdf,Semaine 42,26 juin 2018,2018
135,04 juin 2018 au 10 juin 2018 (Québec),https://assets.numeris.ca/Downloads/04%20juin%202018%20au%2010%20juin%202018%20(Qu%C3%A9bec).pdf,04 juin 2018 au 10 juin 2018 (Québec).pdf,Semaine 41,19 juin 2018,2018
136,28 mai 2018 au 3 juin 2018 (Québec),https://assets.numeris.ca/Downloads/28%20mai%202018%20au%203%20juin%202018%20(Qu%C3%A9bec).pdf,28 mai 2018 au 3 juin 2018 (Québec).pdf,Semaine 40,12 juin 2018,2018
137,21 mai 2018 au 27 mai 2018 (Québec),https://assets.numeris.ca/Downloads/21%20mai%202018%20au%2027%20mai%202018%20(Qu%C3%A9bec).pdf,21 mai 2018 au 27 mai 2018 (Québec).pdf,Semaine 39,5 juin 2018,2018
138,14 mai 2018 au 20 mai 2018 (Québec),https://assets.numeris.ca/Downloads/14%20mai%202018%20au%2020%20mai%202018%20(Qu%C3%A9bec).pdf,14 mai 2018 au 20 mai 2018 (Québec).pdf,Semaine 38,29 mai 2018,2018
139,7 mai 2018 au 13 mai 2018 (Québec),https://assets.numeris.ca/Downloads/7%20mai%202018%20au%2013%20mai%202018%20(Qu%C3%A9bec).pdf,7 mai 2018 au 13 mai 2018 (Québec).pdf,Semaine 37,23 mai 2018,2018
140,30 avril 2018 au 6 avril 2018 (Québec),https://assets.numeris.ca/Downloads/30%20avril%202018%20au%206%20avril%202018%20(Qu%C3%A9bec).pdf,30 avril 2018 au 6 avril 2018 (Québec).pdf,Semaine 36,15 mai 2018,2018
141,23 avril 2018 au 29 avril 2018 (Québec),https://assets.numeris.ca/Downloads/23%20avril%202018%20au%2029%20avril%202018%20(Qu%C3%A9bec).pdf,23 avril 2018 au 29 avril 2018 (Québec).pdf,Semaine 35,8 mai 2018,2018
142,16 avril 2018 au 22 avril 2018 (Québec),https://assets.numeris.ca/Downloads/16%20avril%202018%20au%2022%20avril%202018%20(Qu%C3%A9bec).pdf,16 avril 2018 au 22 avril 2018 (Québec).pdf,Semaine 34,1 mai 2018,2018
143,9 avril 2018 au 15 avril 2018 (Québec),https://assets.numeris.ca/Downloads/9%20avril%202018%20au%2015%20avril%202018%20(Qu%C3%A9bec).pdf,9 avril 2018 au 15 avril 2018 (Québec).pdf,Semaine 33,24 avril 2018,2018
144,2 avril 2018 au 8 avril 2018 (Québec),https://assets.numeris.ca/Downloads/2%20avril%202018%20au%208%20avril%202018%20(Qu%C3%A9bec).pdf,2 avril 2018 au 8 avril 2018 (Québec).pdf,Semaine 32,17 avril 2018,2018
145,26 mars 2018 au 1 avril 2018 (Québec),https://assets.numeris.ca/Downloads/26%20mars%202018%20au%201%20avril%202018%20(Qu%C3%A9bec).pdf,26 mars 2018 au 1 avril 2018 (Québec).pdf,Semaine 31,10 avril 2018,2018
146,19 mars 2018 au 25 mars 2018 (Québec),https://assets.numeris.ca/Downloads/19%20mars%202018%20au%2025%20mars%202018%20(Qu%C3%A9bec).pdf,19 mars 2018 au 25 mars 2018 (Québec).pdf,Semaine 30,3 avril 2018,2018
147,12 mars 2018 au 18 mars 2018 (Québec),https://assets.numeris.ca/Downloads/12%20mars%202018%20au%2018%20mars%202018%20(Qu%C3%A9bec).pdf,12 mars 2018 au 18 mars 2018 (Québec).pdf,Semaine 29,27 mars 2018,2018
148,5 mars 2018 au 11 mars 2018 (Québec),https://assets.numeris.ca/Downloads/5%20mars%202018%20au%2011%20mars%202018%20(Qu%C3%A9bec).pdf,5 mars 2018 au 11 mars 2018 (Québec).pdf,Semaine 28,20 mars 2018,2018
149,26 février 2018 au 4  mars 2018 (Québec),https://assets.numeris.ca/Downloads/26%20f%C3%A9vrier%202018%20au%204%20%20mars%202018%20(Qu%C3%A9bec).pdf,26 février 2018 au 4  mars 2018 (Québec).pdf,Semaine 27,13 mars 2018,2018
151,19 février 2018 au 25  février 2018 (Québec),https://assets.numeris.ca/Downloads/19%20f%C3%A9vrier%202018%20au%2025%20%20f%C3%A9vrier%202018%20(Qu%C3%A9bec).pdf,19 février 2018 au 25  février 2018 (Québec).pdf,Semaine 26,6 mars 2018,2018
152,12 février 2018 au 18  février 2018 (Québec),https://assets.numeris.ca/Downloads/12%20f%C3%A9vrier%202018%20au%2018%20%20f%C3%A9vrier%202018%20(Qu%C3%A9bec).pdf,12 février 2018 au 18  février 2018 (Québec).pdf,Semaine 25,27 février 2018,2018
154,5 février 2018 au 4  février 2018 (Québec),https://assets.numeris.ca/Downloads/5%20f%C3%A9vrier%202018%20au%204%20%20f%C3%A9vrier%202018%20(Qu%C3%A9bec).pdf,5 février 2018 au 4  février 2018 (Québec).pdf,Semaine 24,21 février 2018,2018
155,29 janvier 2018 au 4  février 2018 (Québec),https://assets.numeris.ca/Downloads/29%20janvier%202018%20au%204%20%20f%C3%A9vrier%202018%20(Qu%C3%A9bec).pdf,29 janvier 2018 au 4  février 2018 (Québec).pdf,Semaine 23,13 février 2018,2018
156,22 janvier 2018 au 28 janvier 2018 (Québec),https://assets.numeris.ca/Downloads/22%20janvier%202018%20au%2028%20janvier%202018%20(Qu%C3%A9bec).pdf,22 janvier 2018 au 28 janvier 2018 (Québec).pdf,Semaine 22,6 février 2018,2018
157,15 janvier 2018 au 21 janvier 2018 (Québec),https://assets.numeris.ca/Downloads/15%20janvier%202018%20au%2021%20janvier%202018%20(Qu%C3%A9bec).pdf,15 janvier 2018 au 21 janvier 2018 (Québec).pdf,Semaine 21,30 janvier 2018,2018
158,08 janvier 2018 au 14 janvier 2018 (Québec),https://assets.numeris.ca/Downloads/08%20janvier%202018%20au%2014%20janvier%202018%20(Qu%C3%A9bec).pdf,08 janvier 2018 au 14 janvier 2018 (Québec).pdf,Semaine 20,23 janvier 2018,2018
159,01 janvier 2018 au 7 janvier 2018 (Québec),https://assets.numeris.ca/Downloads/01%20janvier%202018%20au%207%20janvier%202018%20(Qu%C3%A9bec).pdf,01 janvier 2018 au 7 janvier 2018 (Québec).pdf,Semaine 19,16 janvier 2018,2018
160,25 décembre 2017 au 31 décembre 2017 (Québec),https://assets.numeris.ca/Downloads/25%20d%C3%A9cembre%202017%20au%2031%20d%C3%A9cembre%202017%20(Qu%C3%A9bec).pdf,25 décembre 2017 au 31 décembre 2017 (Québec).pdf,Semaine 18,5 janvier 2018,2017
161,18 décembre 2017 au 24 décembre 2017 (Québec),https://assets.numeris.ca/Downloads/18%20d%C3%A9cembre%202017%20au%2024%20d%C3%A9cembre%202017%20(Qu%C3%A9bec).pdf,18 décembre 2017 au 24 décembre 2017 (Québec).pdf,Semaine 17,3 janvier 2018,2017
162,11 décembre 2017 au 17 décembre 2017 (Québec),https://assets.numeris.ca/Downloads/11%20d%C3%A9cembre%202017%20au%2017%20d%C3%A9cembre%202017%20(Qu%C3%A9bec).pdf,11 décembre 2017 au 17 décembre 2017 (Québec).pdf,Semaine 16,28 décembre 2017,2017
163,4 décembre 2017 au 10 décembre 2017 (Québec),https://assets.numeris.ca/Downloads/4%20d%C3%A9cembre%202017%20au%2010%20d%C3%A9cembre%202017%20(Qu%C3%A9bec).pdf,4 décembre 2017 au 10 décembre 2017 (Québec).pdf,Semaine 15,19 décembre 2017,2017
164,27 novembre  2017 au 3 décembre 2017,https://assets.numeris.ca/Downloads/27%20novembre%20%202017%20au%203%20d%C3%A9cembre%202017%20(Qu%C3%A9bec).pdf,27 novembre  2017 au 3 décembre 2017 (Québec).pdf,Semaine 14,12 décembre 2017,2017
165,20 novembre  2017 au 26 novembre 2017 (Québec),https://assets.numeris.ca/Downloads/20%20novembre%20%202017%20au%2026%20novembre%202017%20(Qu%C3%A9bec).pdf,20 novembre  2017 au 26 novembre 2017 (Québec).pdf,Semaine 13,5 décembre 2017,2017
166,13 novembre 2017 au 19 novembre 2017  (Québec),https://assets.numeris.ca/Downloads/13%20novembre%20%202017%20au%2019%20novembre%202017%20(Qu%C3%A9bec).pdf,13 novembre  2017 au 19 novembre 2017 (Québec).pdf,Semaine 12,28 novembre 2017,2017
167,6 novembre  2017 au 12 novembre 2017 (Québec),https://assets.numeris.ca/Downloads/6%20novembre%20%202017%20au%2012%20novembre%202017%20(Qu%C3%A9bec).pdf,6 novembre  2017 au 12 novembre 2017 (Québec).pdf,Semaine 11,21 novembre 2017,2017
168,30 octobre  2017 au 05 novembre 2017 (Québec),https://assets.numeris.ca/Downloads/30%20octobre%20%202017%20au%2005%20novembre%202017%20(Qu%C3%A9bec).pdf,30 octobre  2017 au 05 novembre 2017 (Québec).pdf,Semaine 10,14 novembre 2017,2017
169,23 octobre  2017 au 29 octobre 2017 (Québec),https://assets.numeris.ca/Downloads/23%20octobre%20%202017%20au%2029%20octobre%202017%20(Qu%C3%A9bec).pdf,23 octobre  2017 au 29 octobre 2017 (Québec).pdf,Semaine 09,7 novembre 2017,2017
170,16 octobre  2017 au 22 octobre 2017 (Québec),https://assets.numeris.ca/Downloads/16%20octobre%20%202017%20au%2022%20octobre%202017%20(Qu%C3%A9bec).pdf,16 octobre  2017 au 22 octobre 2017 (Québec).pdf,Semaine 08,31 octobre 2017,2017
171,9 octobre  2017 au 15 octobre 2017 (Québec),https://assets.numeris.ca/Downloads/9%20octobre%20%202017%20au%2015%20octobre%202017%20(Qu%C3%A9bec).pdf,9 octobre  2017 au 15 octobre 2017 (Québec).pdf,Semaine 07,24 octobre 2017,2017
172,2 octobre  2017 au 8 octobre 2017 (Québec),https://assets.numeris.ca/Downloads/2%20octobre%20%202017%20au%208%20octobre%202017%20(Qu%C3%A9bec).pdf,2 octobre  2017 au 8 octobre 2017 (Québec).pdf,Semaine 06,17 octobre 2017,2017
173,25 septembre  2017 au 01 octobre 2017 (Québec),https://assets.numeris.ca/Downloads/25%20septembre%20%202017%20au%201%20octobre%202017%20(Qu%C3%A9bec).pdf,25 septembre  2017 au 1 octobre 2017 (Québec).pdf,Semaine 05,13 octobre 2017,2017
174,18 septembre  2017 au 24 septembre 2017 (Québec),https://assets.numeris.ca/Downloads/18%20septembre%20%202017%20au%2024%20septembre%202017%20(Qu%C3%A9bec).pdf,18 septembre  2017 au 24 septembre 2017 (Québec).pdf,Semaine 04,3 octobre 2017,2017
175,11 septembre  2017 au 17 septembre 2017 (Québec),https://assets.numeris.ca/Downloads/11%20septembre%20%202017%20au%2017%20septembre%202017%20(Qu%C3%A9bec).pdf,11 septembre  2017 au 17 septembre 2017 (Québec).pdf,Semaine 03,26 septembre 2017,2017
176,4 septembre  2017 au 10 septembre 2017 (Québec),https://assets.numeris.ca/Downloads/4%20septembre%20%202017%20au%2010%20septembre%202017%20(Qu%C3%A9bec).pdf,4 septembre  2017 au 10 septembre 2017 (Québec).pdf,Semaine 02,19 septembre 2017,2017
177,28 août 2017 au 3 septembre 2017 (Québec),https://assets.numeris.ca/Downloads/28%20ao%C3%BBt%202017%20au%203%20septembre%202017%20(Qu%C3%A9bec).pdf,28 août 2017 au 3 septembre 2017 (Québec).pdf,Semaine 01,12 septembre 2017,2017
178,21 août 2017 au 27 août 2017 (Québec),https://assets.numeris.ca/Downloads/21%20ao%C3%BBt%202017%20au%2027%20ao%C3%BBt%202017%20(Qu%C3%A9bec).pdf,21 août 2017 au 27 août 2017 (Québec).pdf,Semaine 52,7 septembre 2017,2017
179,14 août 2017 au 20 août 2017 (Québec),https://assets.numeris.ca/Downloads/14%20ao%C3%BBt%202017%20au%2020%20ao%C3%BBt%202017%20(Qu%C3%A9bec).pdf,14 août 2017 au 20 août 2017 (Québec).pdf,Semaine 51,29 août 2017,2017
180,7 août 2017 au 13 août 2017 (Québec),https://assets.numeris.ca/Downloads/7%20ao%C3%BBt%202017%20au%2013%20ao%C3%BBt%202017%20(Qu%C3%A9bec).pdf,7 août 2017 au 13 août 2017 (Québec).pdf,Semaine 50,22 août 2017,2017
181,31 juillet 2017 au 6 août 2017 (Quebec),https://assets.numeris.ca/Downloads/31%20juillet%202017%20au%206%20ao%C3%BBt%202017%20(Quebec).pdf,31 juillet 2017 au 6 août 2017 (Quebec).pdf,Semaine 49,15 août 2017,2017
182,24  juillet 2017 au 30 juillet 2017 (Quebec),https://assets.numeris.ca/Downloads/24%20%20juillet%202017%20au%2030%20juillet%202017%20(Quebec).pdf,24  juillet 2017 au 30 juillet 2017 (Quebec).pdf,Semaine 48,9 août 2017,2017
183,17  juillet 2017 au 23 juillet 2017 (Quebec),https://assets.numeris.ca/Downloads/17%20%20juillet%202017%20au%2023%20juillet%202017%20(Quebec).pdf,17  juillet 2017 au 23 juillet 2017 (Quebec).pdf,Semaine 47,1 août 2017,2017
184,10  juillet 2017 au 16 juillet 2017 (Quebec),https://assets.numeris.ca/Downloads/10%20%20juillet%202017%20au%2016%20juillet%202017%20(Quebec).pdf,10  juillet 2017 au 16 juillet 2017 (Quebec).pdf,Semaine 46,25 juillet 2017,2017
185,3  juillet 2017 au 9 juillet 2017 (Quebec),https://assets.numeris.ca/Downloads/3%20%20juillet%202017%20au%209%20juillet%202017%20(Quebec).pdf,3  juillet 2017 au 9 juillet 2017 (Quebec).pdf,Semaine 45,18 juillet 2017,2017
186,26  juin 2017 au 2 juillet 2017 (Quebec),https://assets.numeris.ca/Downloads/26%20%20juin%202017%20au%202%20juillet%202017%20(Quebec).pdf,26  juin 2017 au 2 juillet 2017 (Quebec).pdf,Semaine 44,11 juillet 2017,2017
187,19 juin 2017 au 25 juin 2017 (Quebec),https://assets.numeris.ca/Downloads/19%20juin%202017%20au%2025%20juin%202017%20(Quebec).pdf,19 juin 2017 au 25 juin 2017 (Quebec).pdf,Semaine 43,5 juillet 2017,2017
188,12 juin 2017 au 18 juin 2017 (Quebec),https://assets.numeris.ca/Downloads/12%20juin%202017%20au%2018%20juin%202017%20(Quebec).pdf,12 juin 2017 au 18 juin 2017 (Quebec).pdf,Semaine 42,27 juin 2017,2017
189,5 juin 2017 au 11 juin 2017 (Quebec),https://assets.numeris.ca/Downloads/5%20juin%202017%20au%2011%20juin%202017%20(Quebec).pdf,5 juin 2017 au 11 juin 2017 (Quebec).pdf,Semaine 41,20 juin 2017,2017
190,29 mai 2017 au 4 juin 2017 (Quebec),https://assets.numeris.ca/Downloads/29%20mai%202017%20au%204%20juin%202017%20(Quebec).pdf,29 mai 2017 au 4 juin 2017 (Quebec).pdf,Semaine 40,13 juin 2017,2017
191,22 mai 2017 au 28 mai 2017 (Quebec),https://assets.numeris.ca/Downloads/22%20mai%202017%20au%2028%20mai%202017%20(Quebec).pdf,22 mai 2017 au 28 mai 2017 (Quebec).pdf,Semaine 39,6 juin 2017,2017
192,15 mai 2017 au 21 mai 2017 (Quebec),https://assets.numeris.ca/Downloads/15%20mai%202017%20au%2021%20mai%202017%20(Quebec).pdf,15 mai 2017 au 21 mai 2017 (Quebec).pdf,Semaine 38,30 mai 2017,2017
193,8 mai 2017 au 14 mai 2017 (Quebec),https://assets.numeris.ca/Downloads/8%20mai%202017%20au%2014%20mai%202017%20(Quebec).pdf,8 mai 2017 au 14 mai 2017 (Quebec).pdf,Semaine 37,24 mai 2017,2017
194,1 mai 2017 au 7 mai 2017 (Quebec),https://assets.numeris.ca/Downloads/1%20mai%202017%20au%207%20mai%202017%20(Quebec).pdf,1 mai 2017 au 7 mai 2017 (Quebec).pdf,Semaine 36,16 mai 2017,2017
195,24 avril 2017 au 30 avril 2017 (Quebec),https://assets.numeris.ca/Downloads/24%20avril%202017%20au%2030%20avril%202017%20(Quebec).pdf,24 avril 2017 au 30 avril 2017 (Quebec).pdf,Semaine 35,10 mai 2017,2017
196,17 avril 2017 au 23 avril 2017 (Quebec),https://assets.numeris.ca/Downloads/17%20avril%202017%20au%2023%20avril%202017%20(Quebec).pdf,17 avril 2017 au 23 avril 2017 (Quebec).pdf,Semaine 34,3 mai 2017,2017
197,10 avril 2017 au 16 avril 2017 (Quebec),https://assets.numeris.ca/Downloads/10%20avril%202017%20au%2016%20avril%202017%20(Quebec).pdf,10 avril 2017 au 16 avril 2017 (Quebec).pdf,Semaine 33,25 avril 2017,2017
198,3 avril 2017 au 9 avril 2017 (Quebec),https://assets.numeris.ca/Downloads/3%20mars%202017%20au%209%20avril%202017%20(Quebec).pdf,3 mars 2017 au 9 avril 2017 (Quebec).pdf,Semaine 32,18 avril 2017,2017
199,27 mars 2017 au 2 avril 2017 (Quebec),https://assets.numeris.ca/Downloads/27%20mars%202017%20au%202%20avril%202017%20(Quebec).pdf,27 mars 2017 au 2 avril 2017 (Quebec).pdf,Semaine 31,11 avril 2017,2017
200,20 mars 2017 au 26 mars 2017 (Quebec),https://assets.numeris.ca/Downloads/20%20mars%202017%20au%2026%20mars%202017%20(Quebec).pdf,20 mars 2017 au 26 mars 2017 (Quebec).pdf,Semaine 30,4 avril 2017,2017
201,13 mars 2017 au 19 mars 2017 (Quebec),https://assets.numeris.ca/Downloads/13%20mars%202017%20au%2019%20mars%202017%20(Quebec).pdf,13 mars 2017 au 19 mars 2017 (Quebec).pdf,Semaine 29,28 mars 2017,2017
202,6 mars 2017 au 12 mars 2017 (Quebec),https://assets.numeris.ca/Downloads/6%20mars%202017%20au%2012%20mars%202017%20(Quebec).pdf,6 mars 2017 au 12 mars 2017 (Quebec).pdf,Semaine 28,21 mars 2017,2017
203,27 février 2017 au 5 mars 2017 (Quebec),https://assets.numeris.ca/Downloads/27%20f%C3%A9vrier%202017%20au%205%20mars%202017%20(Quebec).pdf,27 février 2017 au 5 mars 2017 (Quebec).pdf,Semaine 27,14 mars 2017,2017
204,20 février 2017 au 26 février 2017 (Quebec),https://assets.numeris.ca/Downloads/20%20f%C3%A9vrier%202017%20au%2026%20f%C3%A9vrier%202017%20(Quebec).pdf,20 février 2017 au 26 février 2017 (Quebec).pdf,Semaine 26,7 mars 2017,2017
205,13 février 2017 au 19 février 2017 (Quebec),https://assets.numeris.ca/Downloads/13%20f%C3%A9vrier%202017%20au%2019%20f%C3%A9vrier%202017%20(Quebec).pdf,13 février 2017 au 19 février 2017 (Quebec).pdf,Semaine 25,28 février 2017,2017
206,6 février 2017 au 12 février 2017 (Quebec),https://assets.numeris.ca/Downloads/6%20f%C3%A9vrier%202017%20au%2012%20f%C3%A9vrier%202017%20(Quebec).pdf,6 février 2017 au 12 février 2017 (Quebec).pdf,Semaine 24,22 février 2017,2017
207,30 janvier 2017 au 5 février2017 (Quebec),https://assets.numeris.ca/Downloads/30%20janvier%202017%20au%205%20f%C3%A9vrier2017%20(Quebec).pdf,30 janvier 2017 au 5 février2017 (Quebec).pdf,Semaine 23,15 février 2017,2017
208,23 janvier 2017 au 29 janvier 2017 (Quebec),https://assets.numeris.ca/Downloads/23%20janvier%202017%20au%2029%20janvier%202017%20(Quebec).pdf,23 janvier 2017 au 29 janvier 2017 (Quebec).pdf,Semaine 22,7 février 2017,2017
209,15 janvier 2017 au 22 janvier 2017 (Quebec),https://assets.numeris.ca/Downloads/15%20janvier%202017%20au%2022%20janvier%202017%20(Quebec).pdf,15 janvier 2017 au 22 janvier 2017 (Quebec).pdf,Semaine 21,31 janvier 2017,2017
210,09 janvier 2017 au 15 janvier 2017 (Quebec),https://assets.numeris.ca/Downloads/09%20janvier%202017%20au%2015%20janvier%202017%20(Quebec).pdf,09 janvier 2017 au 15 janvier 2017 (Quebec).pdf,Semaine 20,24 janvier 2017,2017
211,02 janvier 2017 au 08 janvier 2017 (Quebec),https://assets.numeris.ca/Downloads/02%20janvier%202017%20au%2008%20janvier%202017%20(Quebec).pdf,02 janvier 2017 au 08 janvier 2017 (Quebec).pdf,Semaine 19,17 janvier 2017,2017
212,26 decembre 2016 au 01 janvier 2017 (Quebec),https://assets.numeris.ca/Downloads/26%20decembre%202016%20au%2001%20janvier%202017%20(Quebec).pdf,26 decembre 2016 au 01 janvier 2017 (Quebec).pdf,Semaine 18,10 janvier 2017,2016
213,19 decembre 2016 au 25 decembre 2016 (Quebec),https://assets.numeris.ca/Downloads/19%20decembre%202016%20au%2025%20decembre%202016%20(Quebec).pdf,19 decembre 2016 au 25 decembre 2016 (Quebec).pdf,Semaine 17,4 janvier 2017,2016
214,12 decembre au 18 decembre 2016 (Quebec),https://assets.numeris.ca/Downloads/12%20decembre%20au%2018%20decembre%202016%20(Quebec).pdf,12 decembre au 18 decembre 2016 (Quebec).pdf,Semaine 16,29 décembre 2016,2016
215,5 novembre 2016 au 11 decembre 2016 (Quebec),https://assets.numeris.ca/Downloads/5%20novembre%202016%20au%2011%20decembre%202016%20(Quebec).pdf,5 novembre 2016 au 11 decembre 2016 (Quebec).pdf,Semaine 15,20 décembre 2016,2016
216,"December 5, 2016 - December 11, 2016 (Quebec)","https://assets.numeris.ca/Downloads/December%205,%202016%20-%20December%2011,%202016%20(Quebec).pdf","December 5, 2016 - December 11, 2016 (Quebec).pdf",Semaine 15,20 décembre 2016,2016
217,28 novembre 2016 au 4 decembre 2016 (Quebec),https://assets.numeris.ca/Downloads/28%20novembre%202016%20au%204%20decembre%202016%20(Quebec).pdf,28 novembre 2016 au 4 decembre 2016 (Quebec).pdf,Semaine 14,13 décembre 2016,2016
218,21 novembre 2016 au 27 novembre 2016 (Quebec),https://assets.numeris.ca/Downloads/21%20novembre%202016%20au%2027%20novembre%202016%20(Quebec).pdf,21 novembre 2016 au 27 novembre 2016 (Quebec).pdf,Semaine 13,6 décembre 2016,2016
219,14 novembre 2016 au 20 novembre 2016 (Quebec),https://assets.numeris.ca/Downloads/14%20novembre%202016%20au%2020%20novembre%202016%20(Quebec).pdf,14 novembre 2016 au 20 novembre 2016 (Quebec).pdf,Semaine 12,29 novembre 2016,2016
220,07 novembre 2016 au 13 novembre 2016 (Quebec),https://assets.numeris.ca/Downloads/07%20novembre%202016%20au%2013%20novembre%202016%20(Quebec).pdf,07 novembre 2016 au 13 novembre 2016 (Quebec).pdf,Semaine 11,22 novembre 2016,2016
221,31 octobre 2016 au 6 novembre 2016 (Quebec),https://assets.numeris.ca/Downloads/31%20octobre%202016%20au%206%20novembre%202016%20(Quebec).pdf,31 octobre 2016 au 6 novembre 2016 (Quebec).pdf,Semaine 10,15 novembre 2016,2016
222,24 octobre 2016 au 30 octobre 2016 (Quebec),https://assets.numeris.ca/Downloads/24%20octobre%202016%20au%2030%20octobre%202016%20(Quebec).pdf,24 octobre 2016 au 30 octobre 2016 (Quebec).pdf,Semaine 09,8 novembre 2016,2016
223,17 octobre 2016 au 23 octobre 2016 (Quebec),https://assets.numeris.ca/Downloads/17%20octobre%202016%20au%2023%20octobre%202016%20(Quebec).pdf,17 octobre 2016 au 23 octobre 2016 (Quebec).pdf,Semaine 08,1 novembre 2016,2016
224,10 octobre 2016 au 16 octobre 2016 (Quebec),https://assets.numeris.ca/Downloads/10%20octobre%202016%20au%2016%20octobre%202016%20(Quebec).pdf,10 octobre 2016 au 16 octobre 2016 (Quebec).pdf,Semaine 07,25 octobre 2016,2016
225,03 octobre 2016 au 09 octobre 2016 (Quebec),https://assets.numeris.ca/Downloads/03%20octobre%202016%20au%2009%20octobre%202016%20(Quebec).pdf,03 octobre 2016 au 09 octobre 2016 (Quebec).pdf,Semaine 06,18 octobre 2016,2016
226,26 septembre 2016 au 02 octobre 2016 (Quebec),https://assets.numeris.ca/Downloads/26%20septembre%202016%20au%2002%20octobre%202016%20(Quebec).pdf,26 septembre 2016 au 02 octobre 2016 (Quebec).pdf,Semaine 05,12 octobre 2016,2016
227,19 septembre 2016 au 25 septembre 2016 (Quebec),https://assets.numeris.ca/Downloads/19%20septembre%202016%20au%2025%20septembre%202016%20(Quebec).pdf,19 septembre 2016 au 25 septembre 2016 (Quebec).pdf,Semaine 04,4 octobre 2016,2016
228,12 septembre 2016 au 18 septembre 2016 (Quebec),https://assets.numeris.ca/Downloads/12%20septembre%202016%20au%2018%20septembre%202016%20(Quebec).pdf,12 septembre 2016 au 18 septembre 2016 (Quebec).pdf,Semaine 03,27 septembre 2016,2016
229,05 septembre 2016 au 11 septembre 2016 (Quebec),https://assets.numeris.ca/Downloads/05%20septembre%202016%20au%2011%20septembre%202016%20(Quebec).pdf,05 septembre 2016 au 11 septembre 2016 (Quebec).pdf,Semaine 02,20 septembre 2016,2016
230,29 août 2016 au 4 septembre 2016 (Quebec),https://assets.numeris.ca/Downloads/29%20ao%C3%BBt%202016%20au%204%20septembre%202016%20(Quebec).pdf,29 août 2016 au 4 septembre 2016 (Quebec).pdf,Semaine 01,13 septembre 2016,2016
231,22 août 2016 au 28 août 2016 (Quebec),https://assets.numeris.ca/Downloads/22%20ao%C3%BBt%202016%20au%2028%20ao%C3%BBt%202016%20(Quebec).pdf,22 août 2016 au 28 août 2016 (Quebec).pdf,Semaine 52,7 septembre 2016,2016
232,15 août 2016 au 21 août 2016 (Quebec),https://assets.numeris.ca/Downloads/15%20ao%C3%BBt%202016%20au%2021%20ao%C3%BBt%202016%20(Quebec).pdf,15 août 2016 au 21 août 2016 (Quebec).pdf,Semaine 51,30 août 2016,2016
233,08 août 2016 au 14 août 2016 (Quebec),https://assets.numeris.ca/Downloads/08%20ao%C3%BBt%202016%20au%2014%20ao%C3%BBt%202016%20(Quebec).pdf,08 août 2016 au 14 août 2016 (Quebec).pdf,Semaine 50,23 août 2016,2016
234,1 août 2016 au 7 août 2016 (Québec),https://assets.numeris.ca/Downloads/1%20aout%202016%20au%207%20aout%202016%20(Quebec).pdf,1 aout 2016 au 7 aout 2016 (Quebec).pdf,Semaine 49,16 août 2016,2016
235,25 juillet 2016 au 31 juillet 2016 (Quebec),https://assets.numeris.ca/Downloads/25%20juillet%202016%20au%2031%20juillet%202016%20(Quebec).pdf,25 juillet 2016 au 31 juillet 2016 (Quebec).pdf,Semaine 48,9 août 2016,2016
236,18 juillet 2016 au 24 juillet 2016 (Quebec),https://assets.numeris.ca/Downloads/18%20juillet%202016%20au%2024%20juillet%202016%20(Quebec).pdf,18 juillet 2016 au 24 juillet 2016 (Quebec).pdf,Semaine 47,3 août 2016,2016
237,11 juillet 2016 au 17 juillet 2016 (Quebec),https://assets.numeris.ca/Downloads/11%20juillet%202016%20au%2017%20juillet%202016%20(Quebec).pdf,11 juillet 2016 au 17 juillet 2016 (Quebec).pdf,Semaine 46,26 juillet 2016,2016
238,4 juillet 2016 au 10 juillet 2016 (Quebec),https://assets.numeris.ca/Downloads/4%20juillet%202016%20au%2010%20juillet%202016%20(Quebec).pdf,4 juillet 2016 au 10 juillet 2016 (Quebec).pdf,Semaine 45,19 juillet 2016,2016
239,27 juin 2016 au 3 juillet 2016 (Quebec),https://assets.numeris.ca/Downloads/27%20juin%202016%20au%203%20juillet%202016%20(Quebec).pdf,27 juin 2016 au 3 juillet 2016 (Quebec).pdf,Semaine 44,12 juillet 2016,2016
240,20 juin 2016 au 26 juin 2016 (Quebec),https://assets.numeris.ca/Downloads/20%20juin%202016%20au%2026%20juin%202016%20(Quebec).pdf,20 juin 2016 au 26 juin 2016 (Quebec).pdf,Semaine 43,5 juillet 2016,2016
241,13 juin 2016 au 19 juin 2016 (Quebec),https://assets.numeris.ca/Downloads/13%20juin%202016%20au%2019%20juin%202016%20(Quebec).pdf,13 juin 2016 au 19 juin 2016 (Quebec).pdf,Semaine 42,29 juin 2016,2016
242,6 juin 2016 au 12 juin 2016 (Quebec),https://assets.numeris.ca/Downloads/6%20juin%202016%20au%2012%20juin%202016%20(Quebec).pdf,6 juin 2016 au 12 juin 2016 (Quebec).pdf,Semaine 41,21 juin 2016,2016
243,30 mai 2016 au 5 juin 2016 (Quebec),https://assets.numeris.ca/Downloads/30%20mai%202016%20au%205%20juin%202016%20(Quebec).pdf,30 mai 2016 au 5 juin 2016 (Quebec).pdf,Semaine 40,14 juin 2016,2016
244,23 mai 2016 au 29 mai 2016 (Quebec),https://assets.numeris.ca/Downloads/23%20mai%202016%20au%2029%20mai%202016%20(Quebec).pdf,23 mai 2016 au 29 mai 2016 (Quebec).pdf,Semaine 39,7 juin 2016,2016
245,16 mai 2016 au 22 mai 2016 (Quebec),https://assets.numeris.ca/Downloads/16%20mai%202016%20au%2022%20mai%202016%20(Quebec).pdf,16 mai 2016 au 22 mai 2016 (Quebec).pdf,Semaine 38,31 mai 2016,2016
246,9 mai 2016 au 15 mai 2016 (Quebec),https://assets.numeris.ca/Downloads/9%20mai%202016%20au%2015%20mai%202016%20(Quebec).pdf,9 mai 2016 au 15 mai 2016 (Quebec).pdf,Semaine 37,25 mai 2016,2016
247,2 mai 2016 au 8 mai 2016 (Quebec),https://assets.numeris.ca/Downloads/2%20mai%202016%20au%208%20mai%202016%20(Quebec).pdf,2 mai 2016 au 8 mai 2016 (Quebec).pdf,Semaine 36,17 mai 2016,2016
248,25 avril 2016 au 1 mai 2016 (Quebec),https://assets.numeris.ca/Downloads/25%20avril%202016%20au%201%20mai%202016%20(Quebec).pdf,25 avril 2016 au 1 mai 2016 (Quebec).pdf,Semaine 35,10 mai 2016,2016
249,18 avril 2016 au 24 avril 2016 (Quebec),https://assets.numeris.ca/Downloads/18%20avril%202016%20au%2024%20avril%202016%20(Quebec).pdf,18 avril 2016 au 24 avril 2016 (Quebec).pdf,Semaine 34,3 mai 2016,2016
250,11 avril 2016 au 17 avril 2016 (Quebec),https://assets.numeris.ca/Downloads/11%20avril%202016%20au%2017%20avril%202016%20(Quebec).pdf,11 avril 2016 au 17 avril 2016 (Quebec).pdf,Semaine 33,26 avril 2016,2016
252,04 avril 2016 au 10 avril 2016 (Quebec),https://assets.numeris.ca/Downloads/04%20avril%202016%20au%2010%20avril%202016%20(Quebec).pdf,04 avril 2016 au 10 avril 2016 (Quebec).pdf,Semaine 32,19 avril 2016,2016
253,28 mars 2016 au 3 avril 2016 (Quebec),https://assets.numeris.ca/Downloads/28%20mars%202016%20au%203%20avril%202016%20(Quebec).pdf,28 mars 2016 au 3 avril 2016 (Quebec).pdf,Semaine 31,12 avril 2016,2016
254,21 mars 2016 au 27 mars 2016 (Quebec),https://assets.numeris.ca/Downloads/21%20mars%202016%20au%2027%20mars%202016%20(Quebec).pdf,21 mars 2016 au 27 mars 2016 (Quebec).pdf,Semaine 30,5 avril 2016,2016
255,14 mars 2016 au 20 mars 2016 (Quebec),https://assets.numeris.ca/Downloads/14%20mars%202016%20au%2020%20mars%202016%20(Quebec).pdf,14 mars 2016 au 20 mars 2016 (Quebec).pdf,Semaine 29,29 mars 2016,2016
256,7 mars 2016 au 13 mars 2016 (Quebec),https://assets.numeris.ca/Downloads/7%20mars%202016%20au%2013%20mars%202016%20(Quebec).pdf,7 mars 2016 au 13 mars 2016 (Quebec).pdf,Semaine 28,22 mars 2016,2016
257,29 février 2016 au 6 mars 2016 (Quebec),https://assets.numeris.ca/Downloads/29%20f%C3%A9vrier%202016%20au%206%20mars%202016%20(Quebec).pdf,29 février 2016 au 6 mars 2016 (Quebec).pdf,Semaine 27,15 mars 2016,2016
258,22 février 2016 au 28 février 2016 (Quebec),https://assets.numeris.ca/Downloads/22%20f%C3%A9vrier%202016%20au%2028%20f%C3%A9vrier%202016%20(Quebec).pdf,22 février 2016 au 28 février 2016 (Quebec).pdf,Semaine 26,8 mars 2016,2016
259,15 février 2016 au 21 février 2016 (Quebec),https://assets.numeris.ca/Downloads/15%20f%C3%A9vrier%202016%20au%2021%20f%C3%A9vrier%202016%20(Quebec).pdf,15 février 2016 au 21 février 2016 (Quebec).pdf,Semaine 25,1 mars 2016,2016
260,8 février 2016 au 14 février 2016 (Quebec),https://assets.numeris.ca/Downloads/8%20f%C3%A9vrier%202016%20au%2014%20f%C3%A9vrier%202016%20(Quebec).pdf,8 février 2016 au 14 février 2016 (Quebec).pdf,Semaine 24,23 février 2016,2016
261,1 février 2016 au 7 février 2016 (Quebec),https://assets.numeris.ca/Downloads/1%20f%C3%A9vrier%202016%20au%207%20f%C3%A9vrier%202016%20(Quebec).pdf,1 février 2016 au 7 février 2016 (Quebec).pdf,Semaine 23,17 février 2016,2016
262,25 janvier 2016 au 31 janvier 2016 (Quebec),https://assets.numeris.ca/Downloads/25%20janvier%202016%20au%2031%20janvier%202016%20(Quebec).pdf,25 janvier 2016 au 31 janvier 2016 (Quebec).pdf,Semaine 22,9 février 2016,2016
263,18 janvier 2016 au 24 janvier 2016 (Quebec),https://assets.numeris.ca/Downloads/18%20janvier%202016%20au%2024%20janvier%202016%20(Quebec).pdf,18 janvier 2016 au 24 janvier 2016 (Quebec).pdf,Semaine 21,2 février 2016,2016
264,11 janvier 2016 au 17 janvier 2016 (Quebec),https://assets.numeris.ca/Downloads/11%20janvier%202016%20au%2017%20janvier%202016%20(Quebec).pdf,11 janvier 2016 au 17 janvier 2016 (Quebec).pdf,Semaine 20,26 janvier 2016,2016
265,4 janvier 2016 au 10 janvier 2016 (Quebec),https://assets.numeris.ca/Downloads/4%20janvier%202016%20au%2010%20janvier%202016%20(Quebec).pdf,4 janvier 2016 au 10 janvier 2016 (Quebec).pdf,Semaine 19,19 janvier 2016,2016
266,28 décembre 2015 au 3 janvier 2016 (Quebec),https://assets.numeris.ca/Downloads/28%20d%C3%A9cembre%202015%20au%203%20janvier%202016%20(Quebec).pdf,28 décembre 2015 au 3 janvier 2016 (Quebec).pdf,Semaine 18,12 janvier 2016,2015
267,21 décembre au 27 décembre 2015 (Quebec),https://assets.numeris.ca/Downloads/21%20d%C3%A9cembre%20au%2027%20d%C3%A9cembre%202015%20(Quebec).pdf,21 décembre au 27 décembre 2015 (Quebec).pdf,Semaine 17,6 janvier 2016,2015
268,14 décembre au 20 décembre 2015 (Quebec),https://assets.numeris.ca/Downloads/14%20d%C3%A9cembre%20au%2020%20d%C3%A9cembre%202015%20(Quebec).pdf,14 décembre au 20 décembre 2015 (Quebec).pdf,Semaine 16,31 décembre 2015,2015
269,7 décembre au 13 décembre 2015 (Quebec),https://assets.numeris.ca/Downloads/7%20d%C3%A9cembre%20au%2013%20d%C3%A9cembre%202015%20(Quebec).pdf,7 décembre au 13 décembre 2015 (Quebec).pdf,Semaine 15,22 décembre 2015,2015
270,30 novembre au 6 décembre 2015 (National),https://assets.numeris.ca/Downloads/30%20novembre%20au%206%20d%C3%A9cembre%202015%20(National).pdf,30 novembre au 6 décembre 2015 (National).pdf,Semaine 14,15 décembre 2015,2015
271,23 novembre au 29 novembre 2015 (Quebec),https://assets.numeris.ca/Downloads/23%20novembre%20au%2029%20novembre%202015%20(Quebec).pdf ,23 novembre au 29 novembre 2015 (Quebec).pdf,Semaine 13,8 décembre 2015,2015
272,16 novembre au 22 novembre 2015 (Quebec),https://assets.numeris.ca/Downloads/16%20novembre%20au%2022%20novembre%202015%20(Quebec).pdf,16 novembre au 22 novembre 2015 (Quebec).pdf,Semaine 12,1 décembre 2015,2015
273,9 novembre au 15 novembre 2015 (Quebec),https://assets.numeris.ca/Downloads/9%20novembre%20au%2015%20novembre%202015%20(Quebec).pdf,9 novembre au 15 novembre 2015 (Quebec).pdf,Semaine 11,24 novembre 2015,2015
275,2 novembre au 8 novembre 2015 (Quebec),https://assets.numeris.ca/Downloads/2%20novembre%20au%208%20novembre%202015%20(Quebec).pdf,2 novembre au 8 novembre 2015 (Quebec).pdf,Semaine 10,17 novembre 2015,2015
276,26 octobre au 1 novembre 2015 (Quebec),https://assets.numeris.ca/Downloads/26%20octobre%20au%201%20novembre%202015%20(Quebec).pdf,26 octobre au 1 novembre 2015 (Quebec).pdf,Semaine 09,10 novembre 2015,2015
277,19 octobre au 25 octobre 2015 (Quebec),https://assets.numeris.ca/Downloads/19%20octobre%20au%2025%20octobre%202015%20(Quebec).pdf,19 octobre au 25 octobre 2015 (Quebec).pdf,Semaine 08,3 novembre 2015,2015
278,12 octobre au 18 octobre 2015 (Quebec),https://assets.numeris.ca/Downloads/12%20octobre%20au%2018%20octobre%202015%20(Quebec).pdf,12 octobre au 18 octobre 2015 (Quebec).pdf,Semaine 07,27 octobre 2015,2015
279,5 octobre au 11 octobre 2015 (Quebec),https://assets.numeris.ca/Downloads/5%20octobre%20au%2011%20octobre%202015%20(Quebec).pdf,5 octobre au 11 octobre 2015 (Quebec).pdf,Semaine 06,20 octobre 2015,2015
280,28 septembre au 4 octobre 2015 (Quebec),https://assets.numeris.ca/Downloads/28%20septembre%20au%204%20octobre%202015%20(Quebec).pdf,28 septembre au 4 octobre 2015 (Quebec).pdf,Semaine 05,14 octobre 2015,2015
281,14 septembre au 20 septembre 2015 (Quebec),https://assets.numeris.ca/Downloads/14%20septembre%20au%2020%20septembre%202015%20(Quebec).pdf,14 septembre au 20 septembre 2015 (Quebec).pdf,Semaine 03,6 octobre 2015,2015
282,21 septembre au 27 septembre 2015 (Quebec),https://assets.numeris.ca/Downloads/21%20septembre%20au%2027%20septembre%202015%20(Quebec).pdf,21 septembre au 27 septembre 2015 (Quebec).pdf,Semaine 04,6 octobre 2015,2015
283,7 septembre au 13 septembre 2015 (Quebec),https://assets.numeris.ca/Downloads/7%20septembre%20au%2013%20septembre%202015%20(Quebec).pdf,7 septembre au 13 septembre 2015 (Quebec).pdf,Semaine 02,29 septembre 2015,2015
284,31 août au 6 septembre 2015 (Quebec),https://assets.numeris.ca/Downloads/31%20ao%C3%BBt%20au%206%20septembre%202015%20(Quebec).pdf,31 août au 6 septembre 2015 (Quebec).pdf,Semaine 01,22 septembre 2015,2015
285,24 août au 30 août 2015 (Quebec),https://assets.numeris.ca/Downloads/24%20ao%C3%BBt%20au%2030%20ao%C3%BBt%202015%20(Quebec).pdf,24 août au 30 août 2015 (Quebec).pdf,Semaine 52,9 septembre 2015,2015
286,17 août au 23 août 2015 (Quebec),https://assets.numeris.ca/Downloads/17%20ao%C3%BBt%20au%2023%20ao%C3%BBt%202015%20(Quebec).pdf,17 août au 23 août 2015 (Quebec).pdf,Semaine 51,1 septembre 2015,2015
287,10 août au 16 août 2015 (Quebec),https://assets.numeris.ca/Downloads/10%20ao%C3%BBt%20au%2016%20ao%C3%BBt%202015%20(Quebec).pdf,10 août au 16 août 2015 (Quebec).pdf,Semaine 50,25 août 2015,2015
288,3 août au 9 août 2015 (Quebec),https://assets.numeris.ca/Downloads/3%20ao%C3%BBt%20au%209%20ao%C3%BBt%202015%20(Quebec).pdf,3 août au 9 août 2015 (Quebec).pdf,Semaine 49,18 août 2015,2015
289,27 juillet au 2 août 2015 (Quebec),https://assets.numeris.ca/Downloads/27%20juillet%20au%202%20ao%C3%BBt%202015%20(Quebec).pdf,27 juillet au 2 août 2015 (Quebec).pdf,Semaine 48,11 août 2015,2015
290,20 juillet au 26 juillet 2015 (Quebec),https://assets.numeris.ca/Downloads/20%20juillet%20au%2026%20juillet%202015%20(Quebec).pdf,20 juillet au 26 juillet 2015 (Quebec).pdf,Semaine 47,5 août 2015,2015
291,13 juillet au 19 juillet 2015 (Quebec),https://assets.numeris.ca/Downloads/13%20juillet%20au%2019%20juillet%202015%20(Quebec).pdf,13 juillet au 19 juillet 2015 (Quebec).pdf,Semaine 46,28 juillet 2015,2015
292,06 juillet au 12 juillet 2015 (Quebec),https://assets.numeris.ca/Downloads/06%20juillet%20au%2012%20juillet%202015%20(Quebec).pdf,06 juillet au 12 juillet 2015 (Quebec).pdf,Semaine 45,21 juillet 2015,2015
293,29 juin au 5 juillet 2015 (Quebec),https://assets.numeris.ca/Downloads/29%20juin%20au%205%20juillet%202015%20(Quebec).pdf,29 juin au 5 juillet 2015 (Quebec).pdf,Semaine 44,14 juillet 2015,2015
294,22 juin au 28 juin 2015 (Quebec),https://assets.numeris.ca/Downloads/22%20juin%20au%2028%20juin%202015%20(Quebec).pdf,22 juin au 28 juin 2015 (Quebec).pdf,Semaine 43,7 juillet 2015,2015
295,15 juin au 21 juin 2015 (Quebec),https://assets.numeris.ca/Downloads/15%20juin%20au%2021%20juin%202015%20(Quebec).pdf,15 juin au 21 juin 2015 (Quebec).pdf,Semaine 42,30 juin 2015,2015
296,8 juin au 14 juin 2015 (Quebec),https://assets.numeris.ca/Downloads/8%20juin%20au%2014%20juin%202015%20(Quebec).pdf,8 juin au 14 juin 2015 (Quebec).pdf,Semaine 41,23 juin 2015,2015
297,01 juin au 7 juin 2015 (Quebec),https://assets.numeris.ca/Downloads/01%20juin%20au%207%20juin%202015%20(Quebec).pdf,01 juin au 7 juin 2015 (Quebec).pdf,Semaine 40,16 juin 2015,2015
298,25 mai au 31 mai 2015 (Quebec),https://assets.numeris.ca/Downloads/25%20mai%20au%2031%20mai%202015%20(Quebec).pdf,25 mai au 31 mai 2015 (Quebec).pdf,Semaine 39,9 juin 2015,2015
299,18 mai au 24 mai 2015 (Quebec),https://assets.numeris.ca/Downloads/18%20mai%20au%2024%20mai%202015%20(Quebec).pdf,18 mai au 24 mai 2015 (Quebec).pdf,Semaine 38,2 juin 2015,2015
300,11 mai au 17 mai 2015 (Quebec),https://assets.numeris.ca/Downloads/11%20mai%20au%2017%20mai%202015%20(Quebec).pdf,11 mai au 17 mai 2015 (Quebec).pdf,Semaine 37,26 mai 2015,2015
301,4 mai au 10 mai 2015 (Quebec,https://assets.numeris.ca/Downloads/4%20mai%20au%2010%20mai%202015%20(Quebec).pdf,4 mai au 10 mai 2015 (Quebec).pdf,Semaine 36,20 mai 2015,2015
302,27 avril au 3 mai 2015 (Quebec),https://assets.numeris.ca/Downloads/27%20avril%20au%203%20mai%202015%20(Quebec).pdf,27 avril au 3 mai 2015 (Quebec).pdf,Semaine 35,12 mai 2015,2015
303,20 avril au 26 avril 2015 (Quebec),https://assets.numeris.ca/Downloads/20%20avril%20au%2026%20avril%202015%20(Quebec).pdf,20 avril au 26 avril 2015 (Quebec).pdf,Semaine 34,5 mai 2015,2015
304,13 avril au 19 avril 2015 (Quebec),https://assets.numeris.ca/Downloads/13%20avril%20au%2019%20avril%202015%20(Quebec).pdf,13 avril au 19 avril 2015 (Quebec).pdf,Semaine 33,28 avril 2015,2015
305,6 avril au 12 avril 2015 (Quebec),https://assets.numeris.ca/Downloads/6%20avril%20au%2012%20avril%202015%20(Quebec).pdf,6 avril au 12 avril 2015 (Quebec).pdf,Semaine 32,21 avril 2015,2015
306,30 mars au 5 avril 2015 (Quebec).revised,https://assets.numeris.ca/Downloads/30%20mars%20au%205%20avril%202015%20(Quebec).pdf,30 mars au 5 avril 2015 (Quebec).pdf,Semaine 31,14 avril 2015,2015
307,23 mars au 29 mars 2015 (Quebec),https://assets.numeris.ca/Downloads/23%20mars%20au%2029%20mars%202015%20(Quebec).pdf,23 mars au 29 mars 2015 (Quebec).pdf,Semaine 30,7 avril 2015,2015
308,16 mars au 22 mars 2015 (Quebec),https://assets.numeris.ca/Downloads/16%20mars%20au%2022%20mars%20(Quebec).pdf,16 mars au 22 mars (Quebec).pdf,Semaine 29,31 mars 2015,2015
309,9 mars au 16 mars 2015 (Quebec),https://assets.numeris.ca/Downloads/9%20mars%20au%2016%20mars%20(Quebec).pdf,9 mars au 16 mars (Quebec).pdf,Semaine 28,24 mars 2015,2015
310,2 mars au 8 mars 2015 (Quebec),https://assets.numeris.ca/Downloads/2%20mars%20au%208%20mars%202015%20(Quebec).pdf,2 mars au 8 mars 2015 (Quebec).pdf,Semaine 27,17 mars 2015,2015
311,23 février au 1 mars 2015 (Quebec),https://assets.numeris.ca/Downloads/23%20f%C3%A9vrier%20au%201%20mars%202015%20(Quebec).pdf,23 février au 1 mars 2015 (Quebec).pdf,Semaine 26,10 mars 2015,2015
312,16 février au 22 février 2015 (Quebec),https://assets.numeris.ca/Downloads/16%20f%C3%A9vrier%20au%2022%20f%C3%A9vrier%202015%20(Quebec).pdf,16 février au 22 février 2015 (Quebec).pdf,Semaine 25,3 mars 2015,2015
313,9 février au 15 février 2015 (Quebec),https://assets.numeris.ca/Downloads/9%20f%C3%A9vrier%20au%2015%20f%C3%A9vrier%202015%20(Quebec).pdf,9 février au 15 février 2015 (Quebec).pdf,Semaine 24,24 février 2015,2015
314,2 février au 8 février2015 (Quebec),https://assets.numeris.ca/Downloads/2%20f%C3%A9vrier%20au%208%20f%C3%A9vrier2015%20(Quebec).pdf,2 février au 8 février2015 (Quebec).pdf,Semaine 23,18 février 2015,2015
315,26 janvier au 1 février 2015 (Quebec),https://assets.numeris.ca/Downloads/26%20janvier%20au%201%20f%C3%A9vrier%202015%20(Quebec).pdf,26 janvier au 1 février 2015 (Quebec).pdf,Semaine 22,10 février 2015,2015
316,19 janvier au 25 janvier 2015 (Quebec),https://assets.numeris.ca/Downloads/19%20janvier%20au%2025%20janvier%202015%20(Quebec).pdf,19 janvier au 25 janvier 2015 (Quebec).pdf,Semaine 21,3 février 2015,2015
317,12 janvier au 18 janvier 2015 (Quebec),https://assets.numeris.ca/Downloads/12%20janvier%20au%2018%20janvier%202015%20(Quebec).pdf,12 janvier au 18 janvier 2015 (Quebec).pdf,Semaine 20,27 janvier 2015,2015
318,5 janvier au 11 janvier 2015 (Quebec),https://assets.numeris.ca/Downloads/5%20janvier%20au%2011%20janvier%202015%20(Quebec).pdf,5 janvier au 11 janvier 2015 (Quebec).pdf,Semaine 19,21 janvier 2015,2015
319,29 décembre 2014 au 4 janvier 2015 (Quebec),https://assets.numeris.ca/Downloads/29%20d%C3%A9cembre%202014%20au%204%20janvier%202015%20(Quebec).pdf,29 décembre 2014 au 4 janvier 2015 (Quebec).pdf,Semaine 18,14 janvier 2015,2015
320,22 décembre au 28 décembre 2014 (Quebec),https://assets.numeris.ca/Downloads/22%20d%C3%A9cembre%20au%2028%20d%C3%A9cembre%202014%20(Quebec).pdf,22 décembre au 28 décembre 2014 (Quebec).pdf,Semaine 17,8 janvier 2015,2014
321,15 décembre au 21 décembre 2014 (Quebec),https://assets.numeris.ca/Downloads/15%20d%C3%A9cembre%20au%2021%20d%C3%A9cembre%202014%20(Quebec).pdf,15 décembre au 21 décembre 2014 (Quebec).pdf,Semaine 16,30 décembre 2014,2014
322,8 décembre au 14 décembre 2014 (Quebec),https://assets.numeris.ca/Downloads/8%20d%C3%A9cembre%20au%2014%20d%C3%A9cembre%202014%20(Quebec).pdf,8 décembre au 14 décembre 2014 (Quebec).pdf,Semaine 15,23 décembre 2014,2014
323,1 décembre au 7 décembre 2014 (Quebec),https://assets.numeris.ca/Downloads/1%20d%C3%A9cembre%20au%2012%20d%C3%A9cembre%202014%20(Quebec).pdf,1 décembre au 12 décembre 2014 (Quebec).pdf,Semaine 14,16 décembre 2014,2014
324,24 novembre au 30 novembre 2104 (Quebec),https://assets.numeris.ca/Downloads/24%20novembre%20au%2030%20november%202104%20(Quebec).pdf,24 novembre au 30 november 2104 (Quebec).pdf,Semaine 13,9 décembre 2014,2014
325,17 novembre au 23 novembre 2014 (Quebec),https://assets.numeris.ca/Downloads/17%20novembre%20au%2023%20novembre%202014%20(quebec).pdf,17 novembre au 23 novembre 2014 (quebec).pdf,Semaine 12,2 décembre 2014,2014
326,10 novembre au 16 novembre 2014 (Quebec),https://assets.numeris.ca/Downloads/10%20novembre%20au%2016%20novembre%202014%20(quebec).pdf,10 novembre au 16 novembre 2014 (quebec).pdf,Semaine 11,25 novembre 2014,2014
327,2 novembre au 9 novembre 2014 (Quebec),https://assets.numeris.ca/Downloads/2%20novembre%20au%209%20novembre%202014%20(Quebec).pdf,2 novembre au 9 novembre 2014 (Quebec).pdf,Semaine 10,18 novembre 2014,2014
328,27 octobre au 2 novembre 2014 (quebec),https://assets.numeris.ca/Downloads/27%20octobre%20au%202%20novembre%202014%20(quebec).pdf,27 octobre au 2 novembre 2014 (quebec).pdf,Semaine 09,11 novembre 2014,2014
329,20 octobre au 26 octobre 2014 (Quebec),https://assets.numeris.ca/Downloads/20%20octobre%20au%2026%20octobre%202014%20(Quebec).pdf,20 octobre au 26 octobre 2014 (Quebec).pdf,Semaine 08,4 novembre 2014,2014
330,13 octobre au 19 october 2014 (Quebec),https://assets.numeris.ca/Downloads/13%20octobre%20au%2019%20october%202014%20(Quebec).pdf,13 octobre au 19 october 2014 (Quebec).pdf,Semaine 07,28 octobre 2014,2014
331,6 octobre au 12 octobre 2014 (Quebec),https://assets.numeris.ca/Downloads/6%20octobre%20au%2012%20octobre%202014%20(Quebec).pdf,6 octobre au 12 octobre 2014 (Quebec).pdf,Semaine 06,21 octobre 2014,2014
332,29 septembre au 5 octobre 2014 (Quebec),https://assets.numeris.ca/Downloads/29%20septembre%20-%205%20octobre%202014%20(Quebec).pdf,29 septembre - 5 octobre 2014 (Quebec).pdf,Semaine 05,15 octobre 2014,2014
333,22 septembre au 28 septembre 2014 (Quebec),https://assets.numeris.ca/Downloads/22%20septembre%20au%2028%20septembre%202014%20(Quebec).pdf,22 septembre au 28 septembre 2014 (Quebec).pdf,Semaine 04,7 octobre 2014,2014
334,15 septembre au 21 septembre 2014 (Quebec),https://assets.numeris.ca/Downloads/15%20septembre%20au%2021%20septembre%202014%20(Quebec).pdf,15 septembre au 21 septembre 2014 (Quebec).pdf,Semaine 03,30 septembre 2014,2014
335,8 septembre au 14 septembre 2014 (Quebec,https://assets.numeris.ca/Downloads/8%20septembre%20au%2014%20septembre%202014%20(Quebec).pdf,8 septembre au 14 septembre 2014 (Quebec).pdf,Semaine 02,23 septembre 2014,2014
336,1 septembre au 7 septembre 2014 (Quebec),https://assets.numeris.ca/Downloads/1%20septembre%20au%207%20septembre%202014%20(Semaine%201)-Quebec.pdf,1 septembre au 7 septembre 2014 (Semaine 1)-Quebec.pdf,Semaine 01,16 septembre 2014,2014
337,25 août au 31 août 2014 (Semaine 53)-Quebec,https://assets.numeris.ca/Downloads/25%20ao%C3%BBt%20au%2031%20ao%C3%BBt%202014%20(Semaine%2053)-Quebec.pdf,25 août au 31 août 2014 (Semaine 53)-Quebec.pdf,Semaine 53,9 septembre 2014,2014
338,18 août au 24 août 2014 (Semaine 52)-Quebec,https://assets.numeris.ca/Downloads/18%20ao%C3%BBt%20au%2024%20ao%C3%BBt%202014%20(Semaine%2052)-Quebec.pdf,18 août au 24 août 2014 (Semaine 52)-Quebec.pdf,Semaine 52,24 août 2014,2014
339,11 août au 17 août 2014 (Semaine 51)-Quebec,https://assets.numeris.ca/Downloads/11%20ao%C3%BBt%20au%2017%20ao%C3%BBt%202014%20(Semaine%2051)-Quebec.pdf,11 août au 17 août 2014 (Semaine 51)-Quebec.pdf,Semaine 51,17 août 2014,2014
340,4 août au 10 août 2014 (Semaine 50)-Quebec,https://assets.numeris.ca/Downloads/4%20ao%C3%BBt%20au%2010%20ao%C3%BBt%202014%20(Semaine%2050)-Quebec.pdf,4 août au 10 août 2014 (Semaine 50)-Quebec.pdf,Semaine 50,10 août 2014,2014
341,28 juillet au 3 août 2014 (Semaine 49)-Quebec,https://assets.numeris.ca/Downloads/28%20juillet%20au%203%20ao%C3%BBt%202014%20(Semaine%2049)-Quebec.pdf,28 juillet au 3 août 2014 (Semaine 49)-Quebec.pdf,Semaine 49,3 août 2014,2014
342,21 juillet au 27 juillet 2014 (Semaine 48)-Quebec,https://assets.numeris.ca/Downloads/21%20juillet%20au%2027%20juillet%202014%20(Semaine%2048)-Quebec.pdf,21 juillet au 27 juillet 2014 (Semaine 48)-Quebec.pdf,Semaine 48,27 juillet 2014,2014
343,14 juillet au 20 juillet 2014 (Semaine 47)-Quebec,https://assets.numeris.ca/Downloads/14%20juillet%20au%2020%20juillet%202014%20(Semaine%2047)-Quebec.pdf,14 juillet au 20 juillet 2014 (Semaine 47)-Quebec.pdf,Semaine 47,20 juillet 2014,2014
344,7 juillet au 13 juillet 2014 (Semaine 46)-Quebec,https://assets.numeris.ca/Downloads/7%20juillet%20au%2013%20juillet%202014%20(Semaine%2046)-Quebec.pdf,7 juillet au 13 juillet 2014 (Semaine 46)-Quebec.pdf,Semaine 46,13 juillet 2014,2014
345,30 juin au 6 juillet 2014 (Semaine 45)-Quebec,https://assets.numeris.ca/Downloads/30%20juin%20au%206%20juillet%202014%20(Semaine%2045)-Quebec.pdf,30 juin au 6 juillet 2014 (Semaine 45)-Quebec.pdf,Semaine 45,6 juillet 2014,2014
346,23 juin au 29 juin 2014 (Semaine 44)-Quebec,https://assets.numeris.ca/Downloads/23%20juin%20au%2029%20juin%202014%20(Semaine%2044)-Quebec.pdf,23 juin au 29 juin 2014 (Semaine 44)-Quebec.pdf,Semaine 44,29 juin 2014,2014
347,16 juin au 22 juin 2014 (Semaine 43)-Quebec,https://assets.numeris.ca/Downloads/16%20juin%20au%2022%20juin%202014%20(Semaine%2043)-Quebec.pdf,16 juin au 22 juin 2014 (Semaine 43)-Quebec.pdf,Semaine 43,22 juin 2014,2014
348,9 juin au 15 juin 2014 (Semaine 42)-Quebec,https://assets.numeris.ca/Downloads/9%20juin%20au%2015%20juin%202014%20(Semaine%2042)-Quebec.pdf,9 juin au 15 juin 2014 (Semaine 42)-Quebec.pdf,Semaine 42,15 juin 2014,2014
349,2 juin au 8 juin 2014 (Semaine 41)-Quebec,https://assets.numeris.ca/Downloads/2%20juin%20au%208%20juin%202014%20(Semaine%2041)-Quebec.pdf,2 juin au 8 juin 2014 (Semaine 41)-Quebec.pdf,Semaine 41,8 juin 2014,2014
350,26 mai au 1 juin 2014 (Semaine 40)-Quebec,https://assets.numeris.ca/Downloads/26%20mai%20au%201%20juin%202014%20(Semaine%2040)-Quebec.pdf,26 mai au 1 juin 2014 (Semaine 40)-Quebec.pdf,Semaine 40,1 juin 2014,2014
351,19 mai au 25 mai 2014 (Semaine 39)-Quebec,https://assets.numeris.ca/Downloads/19%20mai%20au%2025%20mai%202014%20(Semaine%2039)-Quebec.pdf,19 mai au 25 mai 2014 (Semaine 39)-Quebec.pdf,Semaine 39,25 mai 2014,2014
352,12 mai au 18 mai 2014 (Semaine 38)-Quebec,https://assets.numeris.ca/Downloads/12%20mai%20au%2018%20mai%202014%20(Semaine%2038)-Quebec.pdf,12 mai au 18 mai 2014 (Semaine 38)-Quebec.pdf,Semaine 38,18 mai 2014,2014
353,5 mai au 11 mai 2014 (Semaine 37)-Quebec,https://assets.numeris.ca/Downloads/5%20mai%20au%2011%20mai%202014%20(Semaine%2037)-Quebec.pdf,5 mai au 11 mai 2014 (Semaine 37)-Quebec.pdf,Semaine 37,11 mai 2014,2014
354,28 avril au 4 mai 2014 (Semaine 36)-Quebec,https://assets.numeris.ca/Downloads/28%20avril%20au%204%20mai%202014%20(Semaine%2036)-Quebec.pdf,28 avril au 4 mai 2014 (Semaine 36)-Quebec.pdf,Semaine 36,4 mai 2014,2014
355,21 avril au 27 avril 2014 (Semaine 35)-Quebec,https://assets.numeris.ca/Downloads/21%20avril%20au%2027%20avril%202014%20(Semaine%2035)-Quebec.pdf,21 avril au 27 avril 2014 (Semaine 35)-Quebec.pdf,Semaine 35,27 avril 2014,2014
356,14 avril au 20 avril 2014 (Semaine 34)-Quebec,https://assets.numeris.ca/Downloads/14%20avril%20au%2020%20avril%202014%20(Semaine%2034)-Quebec.pdf,14 avril au 20 avril 2014 (Semaine 34)-Quebec.pdf,Semaine 34,20 avril 2014,2014
357,7 avril au 13 avril 2014 (Semaine 33)-Quebec,https://assets.numeris.ca/Downloads/7%20avril%20au%2013%20avril%202014%20(Semaine%2033)-Quebec.pdf,7 avril au 13 avril 2014 (Semaine 33)-Quebec.pdf,Semaine 33,13 avril 2014,2014
358,31 mars au 6 avril 2014 (Semaine 32)-Quebec,https://assets.numeris.ca/Downloads/31%20mars%20au%206%20avril%202014%20(Semaine%2032)-Quebec.pdf,31 mars au 6 avril 2014 (Semaine 32)-Quebec.pdf,Semaine 32,6 avril 2014,2014
359,24 mars au 30 mars 2014 (Semaine 31)-Quebec,https://assets.numeris.ca/Downloads/24%20mars%20au%2030%20mars%202014%20(Semaine%2031)-Quebec.pdf,24 mars au 30 mars 2014 (Semaine 31)-Quebec.pdf,Semaine 31,30 mars 2014,2014
360,17 mars au 23 mars 2014 (Semaine 30)-Quebec,https://assets.numeris.ca/Downloads/17%20mars%20au%2023%20mars%202014%20(Semaine%2030)-Quebec.pdf,17 mars au 23 mars 2014 (Semaine 30)-Quebec.pdf,Semaine 30,23 mars 2014,2014
361,10 mars au 16 mars 2014 (Semaine 29)-Quebec,https://assets.numeris.ca/Downloads/10%20mars%20au%2016%20mars%202014%20(Semaine%2029)-Quebec.pdf,10 mars au 16 mars 2014 (Semaine 29)-Quebec.pdf,Semaine 29,16 mars 2014,2014
362,3 mars au 9 mars 2014 (Semaine 28)-Quebec,https://assets.numeris.ca/Downloads/3%20mars%20au%209%20mars%202014%20(Semaine%2028)-Quebec.pdf,3 mars au 9 mars 2014 (Semaine 28)-Quebec.pdf,Semaine 28,9 mars 2014,2014
363,24 février au 2 mars 2014 (Semaine 27)-Quebec,https://assets.numeris.ca/Downloads/24%20f%C3%A9vrier%20au%202%20mars%202014%20(Semaine%2027)-Quebec.pdf,24 février au 2 mars 2014 (Semaine 27)-Quebec.pdf,Semaine 27,2 mars 2014,2014
364,17 février au 23 février 2014 (Semaine 26)-Quebec,https://assets.numeris.ca/Downloads/17%20f%C3%A9vrier%20au%2023%20f%C3%A9vrier%202014%20(Semaine%2026)-Quebec.pdf,17 février au 23 février 2014 (Semaine 26)-Quebec.pdf,Semaine 26,23 février 2014,2014
365,10 février au 16 février 2014 (Semaine 25)-Quebec,https://assets.numeris.ca/Downloads/10%20f%C3%A9vrier%20au%2016%20f%C3%A9vrier%202014%20(Semaine%2025)-Quebec.pdf,10 février au 16 février 2014 (Semaine 25)-Quebec.pdf,Semaine 25,16 février 2014,2014
366,3 février au 9 février 2014 (Semaine 24)-Quebec,https://assets.numeris.ca/Downloads/3%20f%C3%A9vrier%20au%209%20f%C3%A9vrier%202014%20(Semaine%2024)-Quebec.pdf,3 février au 9 février 2014 (Semaine 24)-Quebec.pdf,Semaine 24,9 février 2014,2014
367,27 janvier au 2 février 2014 (Semaine 23)-Quebec,https://assets.numeris.ca/Downloads/27%20janvier%20au%202%20f%C3%A9vrier%202014%20(Semaine%2023)-Quebec.pdf,27 janvier au 2 février 2014 (Semaine 23)-Quebec.pdf,Semaine 23,2 février 2014,2014
368,20 au 26 janvier 2014 (Semaine 22)-Quebec,https://assets.numeris.ca/Downloads/20%20au%2026%20janvier%202014%20(Semaine%2022)-Quebec.pdf,20 au 26 janvier 2014 (Semaine 22)-Quebec.pdf,Semaine 22,26 janvier 2014,2014
369,13 au 19 janvier 2014 (Semaine 21)-Quebec,https://assets.numeris.ca/Downloads/13%20au%2019%20janvier%202014%20(Semaine%2021)-Quebec.pdf,13 au 19 janvier 2014 (Semaine 21)-Quebec.pdf,Semaine 21,19 janvier 2014,2014
370,6 au 12 janvier 2014 (Semaine 20)-Quebec,https://assets.numeris.ca/Downloads/6%20au%2012%20janvier%202014%20(Semaine%2020)-Quebec.pdf,6 au 12 janvier 2014 (Semaine 20)-Quebec.pdf,Semaine 20,12 janvier 2014,2014
371,30 decembre au 5 janvier 2014 (Semaine 19)-Quebec,https://assets.numeris.ca/Downloads/30%20decembre%20au%205%20janvier%202014%20(Semaine%2019)-Quebec.pdf,30 decembre au 5 janvier 2014 (Semaine 19)-Quebec.pdf,Semaine 19,5 janvier 2014,2014
